as_short	norine_rban_code	modif_short	core	modifications
	NAc-Aad	nac-	Aad	['Ac']
	NFo-Aad	nfo-	Aad	['F']
Aad	Aad		Aad	['']
	NMe-Aad	nme-	Aad	['MT']
dhAbu	dhAbu	dh	Abu	['DH']
	2Dh-Mabu	dh-	Abu	['DH']
	NAc-Abu	nac-	Abu	['Ac']
Abu	Abu		Abu	['']
4-Abu	X		Abu	['']
	D-Abu	d-	Abu	['E']
	OH-4Abu	oh-	Abu	['OH']
	NMe-Abu	nme-	Abu	['MT']
3S-Abu	X		Abu	['']
	NFo-D-Abu	nfo-d-	Abu	['E', 'F']
MalAc	X	Mal	unknown	['unknown']
Ac	X		unknown	['']
Acc	X		unknown	['']
meAcc	norCMA	me	unknown	['MT']
Ahp	Ahp		unknown	['']
Aib	Aib		unknown	['']
	Ac-Aib	ac-	unknown	['Ac']
	dh-Ala	dh-	Ala	['DH']
	NAc-Ala	nac-	Ala	['Ac']
	NFo-Ala	nfo-	Ala	['F']
pyrAla	X	pyr	Ala	['unknown']
	D-NFo-Ala	d-nfo-	Ala	['E', 'F']
Ala	Ala		Ala	['']
	NMe-Ala	nme-	Ala	['MT']
	NdMe-Ala	ndme-	Ala	['MT']
	NMe-Dha	nme-	Ala	['MT']
D-Ala	D-Ala	D-	Ala	['E']
	D-3OMe-Ala	d-ome-	Ala	['E', 'MeO']
	bU-dAla	bu-d	Ala	['unknown']
Ant	X		unknown	['']
clAnt	X	cl	unknown	['Cl']
mxAnt	X	mx	unknown	['MeO']
Aol	X		unknown	['']
	NFo-Arg	nfo-	Arg	['F']
Arg	Arg		Arg	['']
4,5-dhArg	X	-dh	Arg	['DH']
	NAc-Arg	nac-	Arg	['Ac']
	NAc-diOH-Arg	nac-dioh-	Arg	['Ac', 'OH']
	bdiOH-Arg	bdioh-	Arg	['OH']
	v-Arg	v-	Arg	['unknown']
	NFo-diOH-Arg	nfo-dioh-	Arg	['F', 'OH']
	k-Arg	k-	Arg	['unknown']
dhArg	X	dh	Arg	['DH']
ohArg	X	oh	Arg	['OH']
	hk-Arg	hk-	Arg	['unknown']
	NMe-Arg	nme-	Arg	['MT']
	NMe-diOH-Arg	nme-dioh-	Arg	['OH', 'MT']
	diOH-Arg	dioh-	Arg	['OH']
	ck-Arg	ck-	Arg	['unknown']
	D-Arg	d-	Arg	['E']
	NMe-OH-Asn	nme-oh-	Asn	['OH', 'MT']
	NFo-bMe-Asn	nfo-bme-	Asn	['F', 'MT']
	NFo-D-N2Me-bOH-Asn	nfo-d-nme-boh-	Asn	['E', 'F', 'OH', 'MT']
	D-OH-Asn	d-oh-	Asn	['E', 'OH']
	NFo-Asn	nfo-	Asn	['F']
	NAc-OH-Asn	nac-oh-	Asn	['Ac', 'OH']
	D-N2Me-bOH-Asn	d-nme-boh-	Asn	['E', 'OH', 'MT']
	NAc-Asn	nac-	Asn	['Ac']
meAsn	bMe-Asn	me	Asn	['MT']
	NAc-D-PO-Asn	nac-d-po-	Asn	['E', 'Ac', 'unknown']
	D-N2Me-Asn	d-nme-	Asn	['E', 'MT']
	NFo-OH-Asn	nfo-oh-	Asn	['F', 'OH']
	D-Asn	d-	Asn	['E']
	bD-N2Me-Asn	bd-nme-	Asn	['E', 'MT']
	NAc-D-N2Me-Asn	nac-d-nme-	Asn	['E', 'Ac', 'MT']
	NMe-D-N2Me-Asn	nme-d-nme-	Asn	['E', 'MT']
	NMe-Asn	nme-	Asn	['MT']
	NMe-D-N2Me-bOH-Asn	nme-d-nme-boh-	Asn	['E', 'OH', 'MT']
ohAsn	OH-Asn	oh	Asn	['OH']
3S-ohAsn	OH-Asn	oh	Asn	['OH']
3R-ohAsn	OH-Asn	oh	Asn	['OH']
	bD-PO-Asn	bd-po-	Asn	['E', 'unknown']
Asn	Asn		Asn	['']
	NAc-bMe-Asn	nac-bme-	Asn	['Ac', 'MT']
	bD-N2Me-bOH-Asn	bd-nme-boh-	Asn	['E', 'OH', 'MT']
	NMe-D-PO-Asn	nme-d-po-	Asn	['E', 'MT', 'unknown']
	NMe-bMe-Asn	nme-bme-	Asn	['MT']
	NFo-D-N2Me-Asn	nfo-d-nme-	Asn	['E', 'F', 'MT']
	NFo-D-PO-Asn	nfo-d-po-	Asn	['E', 'F', 'unknown']
	D-PO-Asn	d-po-	Asn	['E', 'unknown']
	bOH-Asn	boh-	Asn	['OH']
	bbMe-Asn	bbme-	Asn	['MT']
	NAc-D-N2Me-bOH-Asn	nac-d-nme-boh-	Asn	['E', 'Ac', 'OH', 'MT']
	bOH-Asp	boh-	Asp	['OH']
meAsp	bMe-Asp	me	Asp	['MT']
	NFo-OH-Asp	nfo-oh-	Asp	['F', 'OH']
	NFo-bMe-Asp	nfo-bme-	Asp	['F', 'MT']
	NFo-Asp	nfo-	Asp	['F']
	NAc-Asp	nac-	Asp	['Ac']
	NAc-OH-Asp	nac-oh-	Asp	['Ac', 'OH']
	NMe-bOMe-Asp	nme-bome-	Asp	['MT', 'MeO']
	NAc-OMe-Asp	nac-ome-	Asp	['Ac', 'MeO']
branchedAsp	Asp		Asp	['']
Asp	Asp		Asp	['']
	bbOMe-Asp	bbome-	Asp	['MeO']
	bOMe-Asp	bome-	Asp	['MeO']
	NMe-bMe-Asp	nme-bme-	Asp	['MT']
	NMe-Asp	nme-	Asp	['MT']
	NAc-bMe-Asp	nac-bme-	Asp	['Ac', 'MT']
branched-D-3R-meAsp	bMe-Asp	D-me	Asp	['E', 'MT']
	bbMe-Asp	bbme-	Asp	['MT']
	NFo-OMe-Asp	nfo-ome-	Asp	['F', 'MeO']
mxAsp	OMe-Asp	mx	Asp	['MeO']
3S-meAsp	bMe-Asp	me	Asp	['MT']
	D-OH-Asp	d-oh-	Asp	['E', 'OH']
	NMe-OMe-Asp	nme-ome-	Asp	['MT', 'MeO']
branched-D-3S-meAsp	D-bMe-Asp	D-me	Asp	['E', 'MT']
branched-D-Asp	D-Asp	D-	Asp	['E']
	NMe-OH-Asp	nme-oh-	Asp	['OH', 'MT']
	NAc-bOMe-Asp	nac-bome-	Asp	['Ac', 'MeO']
3R-ohAsp	OH-Asp	oh	Asp	['OH']
	NFo-bOMe-Asp	nfo-bome-	Asp	['F', 'MeO']
ohAsp	OH-Asp	oh	Asp	['OH']
Aze	X		unknown	['']
meAze	X	me	unknown	['MT']
dclohBfa	X	dcloh	unknown	['Cl', 'OH']
Bmt	Bmt		Bmt	['']
	Me2-Bmt	me-	Bmt	['MT']
	NAc-Bmt	nac-	Bmt	['Ac']
	3d-NMe-Bmt	d-nme-	Bmt	['E', 'MT']
	NMe-Bmt	nme-	Bmt	['MT']
	NFo-Bmt	nfo-	Bmt	['F']
Boz	X		unknown	['']
me-oxoBut	X	me-oxo	unknown	['MT', 'unknown']
n-oh-nitropheBut	X	n-oh-nitrophe	unknown	['NH', 'OH', 'NO']
	Mab		unknown	['']
But	C4:0		unknown	['']
Bza	Bz		Bza	['']
ohnBza	X	ohn	Bza	['NH', 'OH']
2,3-doh-4-nBza	X	-doh--n	Bza	['NH', 'OH']
nohBza	X	noh	Bza	['NH', 'OH']
2,3-dohBza	diOH-Bz	-doh	Bza	['OH']
2clBza	X	cl	Bza	['Cl']
4-ohBza	pOH-Bz	-oh	Bza	['OH']
3,4-dohBza	X	-doh	Bza	['OH']
2,4-doh-3-nBza	X	-doh--n	Bza	['NH', 'OH']
oh-nitroBza	X	oh-nitro	Bza	['NO', 'OH']
noh-isopox-Bza	X	noh-isopox-	Bza	['NH', 'OH', 'unknown']
4clBza	X	cl	Bza	['Cl']
nBza	pNH2-Bz	n	Bza	['NH']
Cap	Cap		unknown	['']
	NAc-5OH-Cap	nac-oh-	unknown	['Ac', 'OH']
	b5OH-Cap	boh-	unknown	['OH']
	5OH-Cap	oh-	unknown	['OH']
	NMe-Cap	nme-	unknown	['MT']
	NFo-5OH-Cap	nfo-oh-	unknown	['F', 'OH']
	NFo-Cap	nfo-	unknown	['F']
	NAc-Cap	nac-	unknown	['Ac']
	NMe-5OH-Cap	nme-oh-	unknown	['OH', 'MT']
Cin	X		unknown	['']
Cit	Cit		unknown	['']
	NFo-Cit	nfo-	unknown	['F']
	D-Cit	d-	unknown	['E']
	NMe-Cit	nme-	unknown	['MT']
	NAc-Cit	nac-	unknown	['Ac']
Cya	CysA		unknown	['']
	D-Cys	d-	Cys	['E']
branchedCys	Cys		Cys	['']
	NAc-Cys	nac-	Cys	['Ac']
	NMe-Cys	nme-	Cys	['MT']
	diMe-Cys	dime-	Cys	['MT']
Cys	Cys		Cys	['']
	aMe-Cys	ame-	Cys	['MT', 'unknown']
	dhCys	dh	Cys	['DH']
	NFo-Cys	nfo-	Cys	['F']
	D-CysA	d-	unknown	['E']
	NAc-CysA	nac-	unknown	['Ac']
	NMe-CysA	nme-	unknown	['MT']
	NFo-CysA	nfo-	unknown	['F']
ohDab	X	oh	Dab	['OH']
	NMe-Dab	nme-	Dab	['MT']
Dab	Dab		Dab	['']
	NFo-Dab	nfo-	Dab	['F']
3Dab	L-Dbu		Dab	['']
	NAc-Dab	nac-	Dab	['Ac']
	D-Dab	d-	Dab	['E']
	NAc-Dbu	nac-	unknown	['Ac']
	D-Dbu	d-	unknown	['E']
	NMe-Dbu	nme-	unknown	['MT']
	NFo-Dbu	nfo-	unknown	['F']
	Dbu		unknown	['']
nDec	X	n	unknown	['NH']
nDece	X	n	unknown	['NH']
	NFo-Dhpg	nfo-	unknown	['F']
	NMe-Dhpg	nme-	unknown	['MT']
	D-Dhpg	d-	unknown	['E']
	NAc-Dhpg	nac-	unknown	['Ac']
nDodec	X	n	unknown	['NH']
	NMe-Dpr	nme-	Dpr	['MT']
	NFo-Dpr	nfo-	Dpr	['F']
	NAc-Dpr	nac-	Dpr	['Ac']
Dpr	Dpr		Dpr	['']
	D-End	d-	unknown	['E']
End	End		unknown	['']
ohEnd	X	oh	unknown	['OH']
	NAc-End	nac-	unknown	['Ac']
	NFo-End	nfo-	unknown	['F']
	NMe-End	nme-	unknown	['MT']
	D-bMe-Gln	d-bme-	Gln	['E', 'MT']
	NMe-Gln	nme-	Gln	['MT']
	NMe-bOH-Gln	nme-boh-	Gln	['OH', 'MT']
4-ohGln	X	-oh	Gln	['OH']
	NAc-3Me-4Me-Gln	nac-me-me-	Gln	['Ac', 'MT']
	NFo-bMe-Gln	nfo-bme-	Gln	['F', 'MT']
	NFo-3Me-4Me-Gln	nfo-me-me-	Gln	['F', 'MT']
	NMe-3Me-4Me-Gln	nme-me-me-	Gln	['MT']
	bbMe-Gln	bbme-	Gln	['MT']
	b3Me-4Me-Gln	bme-me-	Gln	['MT']
	D-Gln	d-	Gln	['E']
	NMe-bMe-Gln	nme-bme-	Gln	['MT']
	bbOH-Gln	bboh-	Gln	['OH']
Gln	Gln		Gln	['']
	3Me-4Me-Gln	me-me-	Gln	['MT']
ohGln	bOH-Gln	oh	Gln	['OH']
	bMe-Gln	bme-	Gln	['MT']
	NFo-bOH-Gln	nfo-boh-	Gln	['F', 'OH']
	NAc-bOH-Gln	nac-boh-	Gln	['Ac', 'OH']
	NAc-bMe-Gln	nac-bme-	Gln	['Ac', 'MT']
	NFo-Gln	nfo-	Gln	['F']
	NAc-Gln	nac-	Gln	['Ac']
	NAc-pGlu	nac-p	Glu	['Ac', 'unknown']
	NFo-Glu	nfo-	Glu	['F']
	bMeO-Glu	bmeo-	Glu	['MT', 'unknown']
	NAc-3Me-Glu	nac-me-	Glu	['Ac', 'MT']
	NFo-3Me-Glu	nfo-me-	Glu	['F', 'MT']
	NMe-2Me-3Me-pGlu	nme-me-me-p	Glu	['MT', 'unknown']
	D-MeO-Glu	d-meo-	Glu	['E', 'MT', 'unknown']
	NAc-Glu	nac-	Glu	['Ac']
	NMe-pGlu	nme-p	Glu	['MT', 'unknown']
	NMe-3Me-Glu	nme-me-	Glu	['MT']
	b3Me-Glu	bme-	Glu	['MT']
	NFo-pGlu	nfo-p	Glu	['F', 'unknown']
	MeO-D-Glu	meo-d-	Glu	['E', 'MT', 'unknown']
	pGlu	p	Glu	['unknown']
	NFo-2Me-3Me-pGlu	nfo-me-me-p	Glu	['F', 'MT', 'unknown']
	NAc-MeO-Glu	nac-meo-	Glu	['Ac', 'MT', 'unknown']
	NAc-2Me-3Me-pGlu	nac-me-me-p	Glu	['Ac', 'MT', 'unknown']
	NMe-Glu	nme-	Glu	['MT']
	NFo-MeO-Glu	nfo-meo-	Glu	['F', 'MT', 'unknown']
	NMe-MeO-Glu	nme-meo-	Glu	['MT', 'unknown']
	MeO-Glu	meo-	Glu	['MT', 'unknown']
	2Me-3Me-pGlu	me-me-p	Glu	['MT', 'unknown']
3R-meGlu	3Me-Glu	me	Glu	['MT']
meGlu	3Me-Glu	me	Glu	['MT']
branched-D-Glu	D-Glu	D-	Glu	['E']
Glu	Glu		Glu	['']
Gly	Gly		Gly	['']
	NMe-aFo-Gly	nme-afo-	Gly	['F', 'MT']
	NMe-D-F-ph-Gly	nme-d-f-ph-	Gly	['E', 'F', 'MT', 'unknown']
foGly	X	fo	Gly	['F']
croGly	X	cro	Gly	['unknown']
	NFo-aFo-Gly	nfo-afo-	Gly	['F']
	D-ph-Gly	d-ph-	Gly	['E', 'unknown']
	D-F-ph-Gly	d-f-ph-	Gly	['E', 'F', 'unknown']
	NFo-D-F-ph-Gly	nfo-d-f-ph-	Gly	['E', 'F', 'unknown']
	aFo-Gly	afo-	Gly	['F']
	NMe-Gly	nme-	Gly	['MT']
	baFo-Gly	bafo-	Gly	['F']
	NAc-Ph-Gly	nac-ph-	Gly	['Ac', 'unknown']
	NFo-Ph-Gly	nfo-ph-	Gly	['F', 'unknown']
	NMe-Ph-Gly	nme-ph-	Gly	['MT', 'unknown']
Cyc-D-Gly	X	Cyc-D-	Gly	['E', 'unknown']
	NAc-D-F-ph-Gly	nac-d-f-ph-	Gly	['E', 'Ac', 'F', 'unknown']
	NAc-aFo-Gly	nac-afo-	Gly	['Ac', 'F']
Glyca	X		unknown	['']
Gram	X		unknown	['']
Gua	X		unknown	['']
Hch	X		unknown	['']
2,3-dohHda	X	-doh	unknown	['OH']
dn-dohHep	X	dn-doh	unknown	['NH', 'OH']
ndmHex	X	ndm	unknown	['NH', 'MT']
meHex	X	me	unknown	['MT']
clHic	X	cl	unknown	['Cl']
me-clHic	X	me-cl	unknown	['Cl', 'MT']
2S-Hic	X		unknown	['']
	OH-His	oh-	His	['OH']
His	His		His	['']
	NFo-OH-His	nfo-oh-	His	['F', 'OH']
	NAc-OH-His	nac-oh-	His	['Ac', 'OH']
	bOH-His	boh-	His	['OH']
	NMe-OH-His	nme-oh-	His	['OH', 'MT']
	NMe-His	nme-	His	['MT']
	NAc-His	nac-	His	['Ac']
hclHis	X	hcl	His	['Cl', 'OH']
	NFo-His	nfo-	His	['F']
2R-Hiv	D-Hiv		Hiv	['']
	Isovaleric_acid		Hiv	['']
2S-Hiv	Hiv		Hiv	['']
	OSu-Hmp	osu-	unknown	['unknown']
	D-Hmp	d-	unknown	['E']
Hpa	Hpa		unknown	['']
Hpea	X		unknown	['']
	NFo-Hpg	nfo-	Hpg	['F']
dclHpg	Cl2-Hpg	dcl	Hpg	['Cl']
	NAc-Cl2-Hpg	nac-cl-	Hpg	['Ac', 'Cl']
	NMe-Hpg	nme-	Hpg	['MT']
	D-Hpg	d-	Hpg	['E']
	NMe-Cl-Hpg	nme-cl-	Hpg	['Cl', 'MT']
	NMe-Cl2-Hpg	nme-cl-	Hpg	['Cl', 'MT']
	NFo-Cl2-Hpg	nfo-cl-	Hpg	['F', 'Cl']
Hpg	Hpg		Hpg	['']
	NAc-Hpg	nac-	Hpg	['Ac']
	Cl-Hpg	cl-	Hpg	['Cl']
	NFo-Cl-Hpg	nfo-cl-	Hpg	['F', 'Cl']
	NAc-Cl-Hpg	nac-cl-	Hpg	['Ac', 'Cl']
	NMe-Hph	nme-	unknown	['MT']
Hph	Hph		unknown	['']
	NAc-Hph	nac-	unknown	['Ac']
	NFo-Hph	nfo-	unknown	['F']
	4oxo-Hpr	oxo-	unknown	['unknown']
	NAc-4oxo-Hpr	nac-oxo-	unknown	['Ac', 'unknown']
	NFo-Hpr	nfo-	unknown	['F']
	NFo-4oxo-Hpr	nfo-oxo-	unknown	['F', 'unknown']
	NAc-Hpr	nac-	unknown	['Ac']
	NMe-4oxo-Hpr	nme-oxo-	unknown	['MT', 'unknown']
	NMe-Hpr	nme-	unknown	['MT']
Hqa	X		unknown	['']
	D-Hse	d-	Hse	['E']
	NFo-Hse	nfo-	Hse	['F']
	NAc-Hse	nac-	Hse	['Ac']
	HseL		Hse	['']
Hse	Hse		Hse	['']
	NMe-Hse	nme-	Hse	['MT']
Htia	X		unknown	['']
	NFo-Hty	nfo-	Hty	['F']
	NAc-3Me-Hty	nac-me-	Hty	['Ac', 'MT']
	NMe-Hty	nme-	Hty	['MT']
Hty	Hty		Hty	['']
	b3Me-Hty	bme-	Hty	['MT']
dohHty	X	doh	Hty	['OH']
ohHty	X	oh	Hty	['OH']
	NMe-3Me-Hty	nme-me-	Hty	['MT']
	NAc-Hty	nac-	Hty	['Ac']
	3Me-Hty	me-	Hty	['MT']
	NFo-3Me-Hty	nfo-me-	Hty	['F', 'MT']
	4Me-D-Hva	me-d-	unknown	['E', 'MT']
	Ibu		unknown	['']
Ibu	X		unknown	['']
	NFo-Cl-Ile	nfo-cl-	Ile	['F', 'Cl']
	NMe-NAc-Ile	nme-nac-	Ile	['Ac', 'MT']
	NMe-OH-Ile	nme-oh-	Ile	['OH', 'MT']
	MeOx-Ile	meox-	Ile	['MT', 'unknown']
Ile	Ile		Ile	['']
	NMe-Ile	nme-	Ile	['MT']
	D-Ile	d-	Ile	['E']
	NAc-Cl-Ile	nac-cl-	Ile	['Ac', 'Cl']
	bMe-Ile	bme-	Ile	['MT']
	NFo-bMe-Ile	nfo-bme-	Ile	['F', 'MT']
	NAc-bMe-Ile	nac-bme-	Ile	['Ac', 'MT']
	NFo-Ile	nfo-	Ile	['F']
	bCl-Ile	bcl-	Ile	['Cl']
	NMe-OMe-Ile	nme-ome-	Ile	['MT', 'MeO']
	Cl-Ile	cl-	Ile	['Cl']
	NMe-bMe-Ile	nme-bme-	Ile	['MT']
	NMe-Cl-Ile	nme-cl-	Ile	['Cl', 'MT']
	NAc-Ile	nac-	Ile	['Ac']
Iva	Ival		Iva	['']
	Ac-Ival	ac-	unknown	['Ac']
	D-Ival	d-	unknown	['E']
Kic	X		unknown	['']
Kiv	X		unknown	['']
oh-D-Kyn	X	oh-D-	Kyn	['E', 'OH']
	NMe-Kyn	nme-	Kyn	['MT']
Kyn	Kyn		Kyn	['']
	NFo-Kyn	nfo-	Kyn	['F']
	D-Kyn	d-	Kyn	['E']
	NAc-Kyn	nac-	Kyn	['Ac']
ohKyn	X	oh	Kyn	['OH']
D-pheLac	D-Ph-Lac	D-phe	Lac	['E', 'unknown']
Lac	Lac		Lac	['']
	4OH-D-Ph-Lac	oh-d-ph-	Lac	['E', 'OH', 'unknown']
	D-Lac	d-	Lac	['E']
	Ph-Lac	ph-	Lac	['unknown']
	NFo-Leu	nfo-	Leu	['F']
	NAc-Leu	nac-	Leu	['Ac']
	NMe-3OH-Leu	nme-oh-	Leu	['OH', 'MT']
	NMe-Leu	nme-	Leu	['MT']
	t-Leu	t-	Leu	['unknown']
	NAc-3OH-Leu	nac-oh-	Leu	['Ac', 'OH']
	NdMe-Leu	ndme-	Leu	['MT']
	Cl3-NMe-Leu	cl-nme-	Leu	['Cl', 'MT']
Leu	Leu		Leu	['']
meLeu	X	me	Leu	['MT']
3clLeu	X	cl	Leu	['Cl']
	NMe-t-Leu	nme-t-	Leu	['MT', 'unknown']
	Cl2-NMe-Leu	cl-nme-	Leu	['Cl', 'MT']
	NFo-t-Leu	nfo-t-	Leu	['F', 'unknown']
	NAc-t-Leu	nac-t-	Leu	['Ac', 'unknown']
	D-NMe-Leu	d-nme-	Leu	['E', 'MT']
3-ohLeu	3OH-Leu	-oh	Leu	['OH']
3S-ohLeu	3OH-Leu	oh	Leu	['OH']
3R-ohLeu	3OH-Leu	oh	Leu	['OH']
	NMe-bMe-Leu	nme-bme-	Leu	['MT']
D-Leu	D-Leu	D-	Leu	['E']
	Cl3-NMe-dhLeu	cl-nme-dh	Leu	['DH', 'Cl', 'MT']
	Cl3-2OH-NMe-Leu	cl-oh-nme-	Leu	['Cl', 'OH', 'MT']
	NtMe-Leu	ntme-	Leu	['MT', 'unknown']
	NFo-3OH-Leu	nfo-oh-	Leu	['F', 'OH']
	D-t-Leu	d-t-	Leu	['E', 'unknown']
	b3OH-Leu	boh-	Leu	['OH']
	k-Leu	k-	Leu	['unknown']
	Cl3-5OH-NMe-Leu	cl-oh-nme-	Leu	['Cl', 'OH', 'MT']
	Cl2-NMe-dhLeu	cl-nme-dh	Leu	['DH', 'Cl', 'MT']
nLev	X	n	unknown	['NH']
Lin	X		unknown	['']
D-Lya	X	D-	unknown	['E']
	NAc-Lys	nac-	Lys	['Ac']
dhLys	X	dh	Lys	['DH']
	D-NFo-Lys	d-nfo-	Lys	['E', 'F']
	NFo-Lys	nfo-	Lys	['F']
Lys	Lys		Lys	['']
4S-ohLys	X	oh	Lys	['OH']
	D-Lys	d-	Lys	['E']
N6-ohLys	X	oh	Lys	['OH']
	NMe-Lys	nme-	Lys	['MT']
ohMan	X	oh	unknown	['OH']
Met	Met		unknown	['']
	bbMe2-O-Met	bbme-o-	unknown	['MT', 'unknown']
	NAc-Met	nac-	unknown	['Ac']
	NMe-O-Met	nme-o-	unknown	['MT', 'unknown']
	NFo-O2-Met	nfo-o-	unknown	['F', 'unknown']
	NFo-O-Met	nfo-o-	unknown	['F', 'unknown']
	bO2-Met	bo-	unknown	['unknown']
	NFo-Met	nfo-	unknown	['F']
	bO-Met	bo-	unknown	['unknown']
	NAc-bbMe2-O-Met	nac-bbme-o-	unknown	['Ac', 'MT', 'unknown']
	NMe-O2-Met	nme-o-	unknown	['MT', 'unknown']
	NMe-Met	nme-	unknown	['MT']
	NAc-O2-Met	nac-o-	unknown	['Ac', 'unknown']
	NMe-bbMe2-O-Met	nme-bbme-o-	unknown	['MT', 'unknown']
	O-Met	o-	unknown	['unknown']
	NAc-O-Met	nac-o-	unknown	['Ac', 'unknown']
	O2-Met	o-	unknown	['unknown']
	NFo-bbMe2-O-Met	nfo-bbme-o-	unknown	['F', 'MT', 'unknown']
Nic	X		unknown	['']
nOct	X	n	unknown	['NH']
	NAc-Fo-OH-Orn	nac-fo-oh-	Orn	['Ac', 'F', 'OH']
	NFo-Ac-OH-Orn	nfo-ac-oh-	Orn	['Ac', 'F', 'OH']
	NFo-Fo-OH-Orn	nfo-fo-oh-	Orn	['F', 'OH']
	D-Ac-OH-Orn	d-ac-oh-	Orn	['E', 'Ac', 'OH']
	NMe-Orn	nme-	Orn	['MT']
	NFo-OH-Orn	nfo-oh-	Orn	['F', 'OH']
	NMe-Ac-OH-Orn	nme-ac-oh-	Orn	['Ac', 'OH', 'MT']
	D-Fo-OH-Orn	d-fo-oh-	Orn	['E', 'F', 'OH']
	bOH-Orn	boh-	Orn	['OH']
	NFo-Orn	nfo-	Orn	['F']
	NAc-Ac-OH-Orn	nac-ac-oh-	Orn	['Ac', 'OH']
	NMe-Fo-OH-Orn	nme-fo-oh-	Orn	['F', 'OH', 'MT']
	bAc-OH-Orn	bac-oh-	Orn	['Ac', 'OH', 'unknown']
	D-OH-Orn	d-oh-	Orn	['E', 'OH']
	OH-cOrn	oh-c	Orn	['OH', 'unknown']
	D-Orn	d-	Orn	['E']
acohOrn	Ac-OH-Orn	acoh	Orn	['Ac', 'OH']
Orn	Orn		Orn	['']
	NAc-Orn	nac-	Orn	['Ac']
E-ahmohOrn	X	E-ahmoh	Orn	['OH', 'unknown']
dhOrn	X	dh	Orn	['OH']
fohOrn	Fo-OH-Orn	foh	Orn	['F', 'OH']
ohOrn	OH-Orn	oh	Orn	['OH']
	NMe-OH-Orn	nme-oh-	Orn	['OH', 'MT']
Z-ahmohOrn	X	Z-ahmoh	Orn	['OH', 'unknown']
	D-OH-cOrn	d-oh-c	Orn	['E', 'OH', 'unknown']
	bFo-OH-Orn	bfo-oh-	Orn	['F', 'OH']
	NAc-OH-Orn	nac-oh-	Orn	['Ac', 'OH']
meOrs	X	me	unknown	['MT']
Pca	X		unknown	['']
Pen	X		Pen	['']
dohPen	X	doh	Pen	['OH']
2-oh-4-mePen	4Me-Hva	-oh--me	Pen	['OH', 'MT']
ohPen	X	oh	Pen	['OH']
2R-oh-3-mePen	Hmp	oh--me	Pen	['OH', 'MT']
Pgl	Ph-Gly		unknown	['']
	NAc-bMe-Phe	nac-bme-	Phe	['Ac', 'MT']
	D-NMe-Phe	d-nme-	Phe	['E', 'MT']
	NMe-Phe	nme-	Phe	['MT']
	NMe-Me2A-Phe	nme-mea-	Phe	['MT', 'NH']
	NMe-dPhe	nme-d	Phe	['MT', 'DH']
	NFo-bMe-Phe	nfo-bme-	Phe	['F', 'MT']
	NMe-bMe-Phe	nme-bme-	Phe	['MT']
	NAc-bMe-Br-Phe	nac-bme-br-	Phe	['Ac', 'MT', 'unknown']
	NFo-Br-Phe	nfo-br-	Phe	['F', 'unknown']
	NAc-3Me-Phe	nac-me-	Phe	['Ac', 'MT']
	NMe-Br-Phe	nme-br-	Phe	['MT', 'unknown']
	NMe-bMe-Br-Phe	nme-bme-br-	Phe	['MT', 'unknown']
	NFo-diOH-Phe	nfo-dioh-	Phe	['F', 'OH']
dhPhe	X	dh	Phe	['DH']
	bbMe-Phe	bbme-	Phe	['MT']
	bdiOH-Phe	bdioh-	Phe	['OH']
	NOMe-Ac-D-Phe	nome-ac-d-	Phe	['E', 'Ac', 'MeO']
	diOH-Phe	dioh-	Phe	['OH']
	Br-Phe	br-	Phe	['unknown']
R-bohPhe	X	boh	Phe	['OH']
	bOH-NMe-Phe	boh-nme-	Phe	['OH', 'MT']
	NMe-3Me-Phe	nme-me-	Phe	['MT']
	NFo-bOH-Br-Phe	nfo-boh-br-	Phe	['F', 'OH', 'unknown']
	Ac-Phe	ac-	Phe	['Ac']
	bMe-Br-Phe	bme-br-	Phe	['MT', 'unknown']
	NAc-bOH-Br-Phe	nac-boh-br-	Phe	['Ac', 'OH', 'unknown']
	NAc-diOH-Phe	nac-dioh-	Phe	['Ac', 'OH']
	NFo-bMe-Br-Phe	nfo-bme-br-	Phe	['F', 'MT', 'unknown']
	bBr-Phe	bbr-	Phe	['unknown']
	NMe-diOH-Phe	nme-dioh-	Phe	['OH', 'MT']
	NAc-Br-Phe	nac-br-	Phe	['Ac', 'unknown']
	3Me-Phe	me-	Phe	['MT']
nPhe	X	n	Phe	['NH']
	b3Me-Phe	bme-	Phe	['MT']
	bOH-Br-Phe	boh-br-	Phe	['OH', 'unknown']
	NFo-3Me-Phe	nfo-me-	Phe	['F', 'MT']
Phe	Phe		Phe	['']
	NMe-MeA-Phe	nme-mea-	Phe	['MT', 'NH']
S-bohPhe	X	boh	Phe	['OH']
	bbOH-Br-Phe	bboh-br-	Phe	['OH', 'unknown']
	bbMe-Br-Phe	bbme-br-	Phe	['MT', 'unknown']
	NMe-bOH-Br-Phe	nme-boh-br-	Phe	['OH', 'MT', 'unknown']
mePhe	bMe-Phe	me	Phe	['MT']
bohPhe	Ph-Ser	boh	Phe	['OH']
	NFo-Phe	nfo-	Phe	['F']
D-Phe	D-Phe	D-	Phe	['E']
dcPhz	X	dc	unknown	['unknown']
mePip	X	me	Pip	['MT']
dmePip	X	dme	Pip	['MT']
Pip	Hpr		Pip	['']
D-Pip	D-Hpr	D-	Pip	['E']
ohPip	X	oh	Pip	['OH']
Piz	X		unknown	['']
4-ohPpa	X	-oh	unknown	['OH']
Ppa	X		unknown	['']
	NFo-4Me-Pro	nfo-me-	Pro	['F', 'MT']
	NFo-3Me-Pro	nfo-me-	Pro	['F', 'MT']
	NMe-4Me-Pro	nme-me-	Pro	['MT']
	D-4OH-Pro	d-oh-	Pro	['E', 'OH']
	NMe-3OH-5Me-Pro	nme-oh-me-	Pro	['OH', 'MT']
	Ac-Pro	ac-	Pro	['Ac']
	4oxo-Pro	oxo-	Pro	['unknown']
	NAc-4Me-Pro	nac-me-	Pro	['Ac', 'MT']
	NAc-4oxo-Pro	nac-oxo-	Pro	['Ac', 'unknown']
	4oxo-5Me-Pro	oxo-me-	Pro	['MT', 'unknown']
	3OH-5Me-Pro	oh-me-	Pro	['OH', 'MT']
	NAc-4OH-Pro	nac-oh-	Pro	['Ac', 'OH']
	NFo-Pro	nfo-	Pro	['F']
	NMe-5Me-Pro	nme-me-	Pro	['MT']
	NFo-3OH-5Me-Pro	nfo-oh-me-	Pro	['F', 'OH', 'MT']
	NFo-4oxo-5Me-Pro	nfo-oxo-me-	Pro	['F', 'MT', 'unknown']
	D-Pro	d-	Pro	['E']
	NMe-Pro	nme-	Pro	['MT']
	NMe-Cl2-Pro	nme-cl-	Pro	['Cl', 'MT']
	NAc-5Me-Pro	nac-me-	Pro	['Ac', 'MT']
	NAc-3OH-Pro	nac-oh-	Pro	['Ac', 'OH']
	NMe-4oxo-5Me-Pro	nme-oxo-me-	Pro	['MT', 'unknown']
	NFo-4OH-Pro	nfo-oh-	Pro	['F', 'OH']
	NMe-3Me-Pro	nme-me-	Pro	['MT']
	NAc-4oxo-5Me-Pro	nac-oxo-me-	Pro	['Ac', 'MT', 'unknown']
	NFo-3OH-Pro	nfo-oh-	Pro	['F', 'OH']
	NFo-5Me-Pro	nfo-me-	Pro	['F', 'MT']
	NFo-4oxo-Pro	nfo-oxo-	Pro	['F', 'unknown']
	NAc-3Me-Pro	nac-me-	Pro	['Ac', 'MT']
	NAc-Cl2-Pro	nac-cl-	Pro	['Ac', 'Cl']
	NMe-3OH-Pro	nme-oh-	Pro	['OH', 'MT']
	NMe-4OH-Pro	nme-oh-	Pro	['OH', 'MT']
	NFo-Cl2-Pro	nfo-cl-	Pro	['F', 'Cl']
	NMe-4oxo-Pro	nme-oxo-	Pro	['MT', 'unknown']
	NAc-3OH-5Me-Pro	nac-oh-me-	Pro	['Ac', 'OH', 'MT']
Pro	Pro		Pro	['']
4mePro	4Me-Pro	me	Pro	['MT']
5S-mePro	5Me-Pro	me	Pro	['MT']
3S-oh-4S-mePro	X	oh-me	Pro	['OH', 'MT']
3R-oh-3-mePro	X	oh--me	Pro	['OH', 'MT']
3S-mePro	3Me-Pro	me	Pro	['MT']
clPro	X	cl	Pro	['Cl']
dclPro	Cl2-Pro	dcl	Pro	['Cl']
pPro	X	p	Pro	['unknown']
4R-ohPro	4OH-Pro	oh	Pro	['OH']
ohPro	X	oh	Pro	['OH']
3S-ohPro	3OH-Pro	oh	Pro	['OH']
3-oh-4-mePro	X	-oh--me	Pro	['OH', 'MT']
ac-mePro	X	ac-me	Pro	['Ac', 'MT']
4R-mePro	4Me-Pro	me	Pro	['MT']
4S-mePro	4Me-Pro	me	Pro	['MT']
proPro	X	pro	Pro	['unknown']
dnmeProp	X	dnme	unknown	['NH', 'MT']
	dPyr	d	unknown	['DH']
	OH-Pyr	oh-	unknown	['OH']
	Pyr		unknown	['']
Pyr	X		unknown	['']
Pyv	X		unknown	['']
Qui	COOH-Qui		unknown	['']
Sal	X		unknown	['']
meSal	X	me	unknown	['MT']
Sam	X		unknown	['']
	gSer	g	Ser	['unknown']
	NFo-Ser	nfo-	Ser	['F']
	NFo-Ph-Ser	nfo-ph-	Ser	['F', 'unknown']
	Ac-Ser	ac-	Ser	['Ac']
	bAc-Ser	bac-	Ser	['Ac', 'unknown']
	NMe-Ac-Ser	nme-ac-	Ser	['Ac', 'MT']
	NFo-Ac-Ser	nfo-ac-	Ser	['Ac', 'F']
	NAc-Ph-Ser	nac-ph-	Ser	['Ac', 'unknown']
	D-NMe-Ser	d-nme-	Ser	['E', 'MT']
	NAc-Ac-Ser	nac-ac-	Ser	['Ac']
	D-Ser	d-	Ser	['E']
	NAc-Ser	nac-	Ser	['Ac']
	bPh-Ser	bph-	Ser	['unknown']
Ser	Ser		Ser	['']
meSer	X	me	Ser	['MT']
	NMe-Ser	nme-	Ser	['MT']
Sma	X		unknown	['']
	Me-Suc	me-	unknown	['MT']
Suc	X		unknown	['']
	N-Suc	-	unknown	['unknown']
	Suc		unknown	['']
	NAc-OMe-Thr	nac-ome-	Thr	['Ac', 'MeO']
	b4OH-Thr	boh-	Thr	['OH']
	NMe-4Cl-Thr	nme-cl-	Thr	['Cl', 'MT']
	4OH-Thr	oh-	Thr	['OH']
	NMe-4OH-Thr	nme-oh-	Thr	['OH', 'MT']
	NMe-Thr	nme-	Thr	['MT']
Thr	Thr		Thr	['']
	bOMe-Thr	bome-	Thr	['MeO']
	NFo-4OH-Thr	nfo-oh-	Thr	['F', 'OH']
	NAc-Thr	nac-	Thr	['Ac']
	OMe-Thr	ome-	Thr	['MT']
	b4Cl-Thr	bcl-	Thr	['Cl']
	D-Thr	d-	Thr	['E']
	NAc-4OH-Thr	nac-oh-	Thr	['Ac', 'OH']
	NAc-4Cl-Thr	nac-cl-	Thr	['Ac', 'Cl']
	NFo-OMe-Thr	nfo-ome-	Thr	['F', 'MeO']
	NFo-Thr	nfo-	Thr	['F']
	NFo-4Cl-Thr	nfo-cl-	Thr	['F', 'Cl']
	4Cl-Thr	cl-	Thr	['Cl']
	NMe-OMe-Thr	nme-ome-	Thr	['MT', 'MeO']
omeThr	X	ome	Thr	['MT']
	NAc-Br-OH-Trp	nac-br-oh-	Trp	['Ac', 'OH', 'unknown']
	bBr-Trp	bbr-	Trp	['unknown']
	bD-Cl-Trp	bd-cl-	Trp	['E', 'Cl']
	NMe-OMe-Trp	nme-ome-	Trp	['MT', 'MeO']
	NMe-OH-Trp	nme-oh-	Trp	['OH', 'MT']
	NAc-OMe-Trp	nac-ome-	Trp	['Ac', 'MeO']
	NAc-OH-Trp	nac-oh-	Trp	['Ac', 'OH']
	bOH-Trp	boh-	Trp	['OH']
	pTrp	p	Trp	['unknown']
	NAc-Br-Trp	nac-br-	Trp	['Ac', 'unknown']
	NFo-OMe-Trp	nfo-ome-	Trp	['F', 'MeO']
	bD-COOH-Trp	bd-cooh-	Trp	['E', 'unknown']
	NMe-D-Cl-CONH2-Trp	nme-d-cl-conh-	Trp	['E', 'Cl', 'MT', 'unknown']
	NFo-Trp	nfo-	Trp	['F']
	bBr-OH-Trp	bbr-oh-	Trp	['OH', 'unknown']
	NFo-Br-OH-Trp	nfo-br-oh-	Trp	['F', 'OH', 'unknown']
	NFo-N1-COOH-bhTrp	nfo-n-cooh-bh	Trp	['F', 'unknown']
	NMe-1Me-Trp	nme-me-	Trp	['MT']
	bN1-COOH-bhTrp	bn-cooh-bh	Trp	['unknown']
	OH-Trp	oh-	Trp	['OH']
	NFo-D-COOH-Trp	nfo-d-cooh-	Trp	['E', 'F', 'unknown']
	NAc-D-COOH-Trp	nac-d-cooh-	Trp	['E', 'Ac', 'unknown']
	NAc-N1-COOH-bhTrp	nac-n-cooh-bh	Trp	['Ac', 'unknown']
	NAc-D-Cl-Trp	nac-d-cl-	Trp	['E', 'Ac', 'Cl']
	NAc-pTrp	nac-p	Trp	['Ac', 'unknown']
	NFo-pTrp	nfo-p	Trp	['F', 'unknown']
	D-COOH-Trp	d-cooh-	Trp	['E', 'unknown']
	NFo-Br-Trp	nfo-br-	Trp	['F', 'unknown']
	NMe-Cl-Trp	nme-cl-	Trp	['Cl', 'MT']
	D-Cl-CONH2-Trp	d-cl-conh-	Trp	['E', 'Cl', 'unknown']
	NMe-Br-Trp	nme-br-	Trp	['MT', 'unknown']
	bbNMe-NMe-Trp	bbnme-nme-	Trp	['MT']
	NFo-1Me-Trp	nfo-me-	Trp	['F', 'MT']
	N1-COOH-bhTrp	-cooh-bh	Trp	['unknown']
	NAc-1Me-Trp	nac-me-	Trp	['Ac', 'MT']
	bOMe-Trp	bome-	Trp	['MeO']
	D-Cl-Trp	d-cl-	Trp	['E', 'Cl']
	b1Me-Trp	bme-	Trp	['MT']
	NFo-D-Cl-Trp	nfo-d-cl-	Trp	['E', 'F', 'Cl']
	NMe-pTrp	nme-p	Trp	['MT', 'unknown']
	D-Trp	d-	Trp	['E']
	Br-Trp	br-	Trp	['unknown']
	Br-OH-Trp	br-oh-	Trp	['OH', 'unknown']
	NMe-N1-COOH-bhTrp	nme-n-cooh-bh	Trp	['MT', 'unknown']
	NMe-Cl-OH-Trp	nme-cl-oh-	Trp	['Cl', 'OH', 'MT']
	NMe-Br-OH-Trp	nme-br-oh-	Trp	['OH', 'MT', 'unknown']
	NMe-D-Cl-Trp	nme-d-cl-	Trp	['E', 'Cl', 'MT']
	bD-Cl-CONH2-Trp	bd-cl-conh-	Trp	['E', 'Cl', 'unknown']
	NFo-OH-Trp	nfo-oh-	Trp	['F', 'OH']
	NFo-D-Cl-CONH2-Trp	nfo-d-cl-conh-	Trp	['E', 'F', 'Cl', 'unknown']
	NAc-D-Cl-CONH2-Trp	nac-d-cl-conh-	Trp	['E', 'Ac', 'Cl', 'unknown']
	NMe-D-COOH-Trp	nme-d-cooh-	Trp	['E', 'MT', 'unknown']
	NMe-Trp	nme-	Trp	['MT']
	Ac-Trp	ac-	Trp	['Ac']
nitroTrp	X	nitro	Trp	['NO']
4-mxTrp	X	-mx	Trp	['MeO']
dclTrp	X	dcl	Trp	['Cl']
6-clTrp	X	-cl	Trp	['Cl']
dmeaTrp	X	dmea	Trp	['MT', 'unknown']
parTrp	X	par	Trp	['unknown']
dhTrp	dh-Trp	dh	Trp	['DH']
5-clTrp	X	-cl	Trp	['Cl']
1-meTrp	1Me-Trp	-me	Trp	['MT']
R-bmeTrp	X	bme	Trp	['MT', 'unknown']
	bbMe-NMe-Trp	bbme-nme-	Trp	['MT']
Trp	Trp		Trp	['']
1-mxTrp	OMe-Trp	-mx	Trp	['MeO']
	NMe-bOH-Tyr	nme-boh-	Tyr	['OH', 'MT']
	NMe-bOH-Cl-Tyr	nme-boh-cl-	Tyr	['Cl', 'OH', 'MT']
3-ohTyr	X	-oh	Tyr	['OH']
	NMe-Tyr	nme-	Tyr	['MT']
	NAc-bOH-Cl-Tyr	nac-boh-cl-	Tyr	['Ac', 'Cl', 'OH']
5-mxTyr	X	-mx	Tyr	['MeO']
	bOMe-Tyr	bome-	Tyr	['MeO']
	Br-Tyr	br-	Tyr	['unknown']
	NFo-bOH-Cl-Tyr	nfo-boh-cl-	Tyr	['F', 'Cl', 'OH']
	bOH-Cl-Tyr	boh-cl-	Tyr	['Cl', 'OH']
	bbOMe-Tyr	bbome-	Tyr	['MeO']
	bBr-Tyr	bbr-	Tyr	['unknown']
	NFo-bOH-Tyr	nfo-boh-	Tyr	['F', 'OH']
	NAc-Br-Tyr	nac-br-	Tyr	['Ac', 'unknown']
	D-I-NMe-Tyr	d-i-nme-	Tyr	['E', 'MT', 'unknown']
	bbOH-Cl-Tyr	bboh-cl-	Tyr	['Cl', 'OH', 'unknown']
	NFo-Cl-Tyr	nfo-cl-	Tyr	['F', 'Cl']
	bCl-Tyr	bcl-	Tyr	['Cl']
	Cl-NMe-Tyr	cl-nme-	Tyr	['Cl', 'MT']
	v-Tyr	v-	Tyr	['unknown']
	NFo-Tyr	nfo-	Tyr	['F']
	NMe-3NO2-Tyr	nme-no-	Tyr	['NO', 'MT']
	D-Cl-NMe-Tyr	d-cl-nme-	Tyr	['E', 'Cl', 'MT']
	D-Br-NMe-Tyr	d-br-nme-	Tyr	['E', 'MT', 'unknown']
	NFo-3NO2-Tyr	nfo-no-	Tyr	['F', 'NO']
	NAc-bOMe-Tyr	nac-bome-	Tyr	['Ac', 'MeO']
omeTyr	X	ome	Tyr	['MT']
nitroTyr	3NO2-Tyr	nitro	Tyr	['NO']
	NMe-bOMe-Tyr	nme-bome-	Tyr	['MT', 'MeO']
	e-Tyr	e-	Tyr	['unknown']
	dv-Tyr	dv-	Tyr	['unknown', 'DH']
clTyr	Cl-Tyr	cl	Tyr	['Cl']
	D-Tyr	d-	Tyr	['E']
	bbOH-Tyr	bboh-	Tyr	['OH']
	NMe-OMe-Tyr	nme-ome-	Tyr	['MT', 'MeO']
ohTyr	bOH-Tyr	oh	Tyr	['OH']
	D-NMe-OMe-Tyr	d-nme-ome-	Tyr	['E', 'MT', 'MeO']
	NFo-Br-Tyr	nfo-br-	Tyr	['F', 'unknown']
	NAc-3NO2-Tyr	nac-no-	Tyr	['Ac', 'NO']
	NAc-bOH-Tyr	nac-boh-	Tyr	['Ac', 'OH']
Tyr	Tyr		Tyr	['']
	NFo-bOMe-Tyr	nfo-bome-	Tyr	['F', 'MeO']
R-ohTyr	bOH-Tyr	oh	Tyr	['OH']
	v-OH-Tyr	v-oh-	Tyr	['OH', 'unknown']
	b3NO2-Tyr	bno-	Tyr	['NO', 'unknown']
	NAc-Tyr	nac-	Tyr	['Ac']
dhTyr	X	dh	Tyr	['DH']
ohmeTyr	X	ohme	Tyr	['OH', 'MT']
ohdmTyr	X	ohdm	Tyr	['OH', 'MT']
dohmTyr	X	dohm	Tyr	['OH', 'MT']
	NAc-Cl-Tyr	nac-cl-	Tyr	['Ac', 'Cl']
	NMe-hv-Val	nme-hv-	Val	['MT', 'unknown']
	Ac-Val	ac-	Val	['Ac']
	bOH-NMe-Val	boh-nme-	Val	['OH', 'MT']
	NMe-Val	nme-	Val	['MT']
	D-bOH-Val	d-boh-	Val	['E', 'OH']
	D-NMe-Val	d-nme-	Val	['E', 'MT']
	gOH-NMe-Val	goh-nme-	Val	['OH', 'MT']
	D-Val	d-	Val	['E']
	NOMe-Ac-Val	nome-ac-	Val	['Ac', 'MeO']
	NFo-Val	nfo-	Val	['F']
	NAc-bOH-Val	nac-boh-	Val	['Ac', 'OH']
	NFo-bOH-Val	nfo-boh-	Val	['F', 'OH']
N-ohVal	X	oh	Val	['OH']
Val	Val		Val	['']
3-ohVal	bOH-Val	-oh	Val	['OH']
dhVal	X	dh	Val	['DH']
Valol	Valol		unknown	['']
	diMe-aIle	dime-	aIle	['MT']
aIle	aIle		aIle	['']
	D-NMe-aIle	d-nme-	aIle	['E', 'MT']
	NMe-aIle	nme-	aIle	['MT']
	D-aIle	d-	aIle	['E']
aThr	aThr		aThr	['']
	D-aThr	d-	aThr	['E']
	bAad		unknown	['']
	bAbu		unknown	['']
bAla	bAla		bAla	['']
	NMe-bAla	nme-	bAla	['MT']
	OMe-bAla-Thz	ome-	bAla	['MeO']
me-bAla	X	me-	bAla	['MT']
	bArg		unknown	['']
	bAsn		unknown	['']
	bBmt		unknown	['']
	bCap		unknown	['']
	bCit		unknown	['']
	bCys		unknown	['']
	bCysA		unknown	['']
	bDab		unknown	['']
	bDbu		unknown	['']
	bDpr		unknown	['']
	bEnd		unknown	['']
	bGln		unknown	['']
	bGlu		unknown	['']
	bHis		unknown	['']
	bHph		unknown	['']
	bHse		unknown	['']
	bHty		unknown	['']
	bIle		unknown	['']
	bKyn		unknown	['']
	bLeu		unknown	['']
bLys	bLys		bLys	['']
	OH-bLys	oh-	bLys	['OH']
	bMet		unknown	['']
	bOrn		unknown	['']
	D-bPhe	d-	unknown	['E']
R-bPhe	bPhe		unknown	['']
	bSer		unknown	['']
	bThr		unknown	['']
	bTrp		unknown	['']
R-bTyr	bTyr		unknown	['']
S-bTyr	bTyr		unknown	['']
aza-bTyr	X	aza-	unknown	['unknown']
	bVal		unknown	['']
cohOhi	X		unknown	['unknown']
	Choi		unknown	['']
	NMe-Choi	nme-	unknown	['MT']
	NFo-Choi	nfo-	unknown	['F']
	NAc-Choi	nac-	unknown	['Ac']
cycHexAla	X		unknown	['unknown']
dHpg	Dhpg		dHpg	['']
cl-me-dHpg	X	cl-me-	dHpg	['Cl', 'MT']
	D-OH-dHpg	d-oh-	dHpg	['E', 'OH']
	OH-dHpg	oh-	dHpg	['OH']
fa	X	fa	unknown	['unknown']
mTyr	X	m	unknown	['']
nHcp	X		unknown	['']
niCpa	X		unknown	['unknown']
nohme-oxoDec	X	nohme-	oxoDec	['NH', 'OH', 'MT']
n-epox-oxoDec	C10:0-NH2(2)-Ep(9)-oxo(8)	n-epox-	oxoDec	['NH', 'unknown']
n-oxoDec	X	n-	oxoDec	['NH']
