bgc_id	num_a_domains	origins	bigscape_families	compound_id	num_recognized_nodes	iso_class_idx	in_approved_matches
BGC0000064	1	mibig3	NRPS_2094_PKS-NRP_Hybrids_59_PKSother_59_mix_59	BGC0000064.0	0	1082	False
BGC0000064	1	mibig3	NRPS_2094_PKS-NRP_Hybrids_59_PKSother_59_mix_59	BGC0000064.1	0	1082	False
BGC0000064	1	mibig3	NRPS_2094_PKS-NRP_Hybrids_59_PKSother_59_mix_59	BGC0000064.2	0	1082	False
BGC0000064	1	mibig3	NRPS_2094_PKS-NRP_Hybrids_59_PKSother_59_mix_59	BGC0000064.3	0	1082	False
BGC0000081	5	mibig3	mix_75_Others_75	BGC0000081.0	0	3585	False
BGC0000186	1	mibig3	NRPS_173_PKS-NRP_Hybrids_173_PKSother_173_mix_173	BGC0000186.0	1	5129	False
BGC0000186	1	mibig3	NRPS_173_PKS-NRP_Hybrids_173_PKSother_173_mix_173	BGC0000186.1	1	5129	False
BGC0000287	2	mibig3	None	BGC0000287.0	0	159	False
BGC0000288	1	mibig3	None	BGC0000288.0	0	390	False
BGC0000288	1	mibig3	None	BGC0000288.1	0	390	False
BGC0000288	1	mibig3	None	BGC0000288.2	0	2406	False
BGC0000288	1	mibig3	None	BGC0000288.3	0	2406	False
BGC0000290	7	mibig3	NRPS_271_PKS-NRP_Hybrids_271_PKSother_271_mix_271	BGC0000290.0	6	372	False
BGC0000292	1	mibig3	None	BGC0000292.0	0	211	False
BGC0000293	2	mibig3	mix_274	BGC0000293.0	0	1953	False
BGC0000296	6	mibig3	NRPS_277	BGC0000296.0	11	3006	True
BGC0000297	2	mibig3	NRPS_278_mix_278	BGC0000297.0	4	3765	False
BGC0000297	2	mibig3	NRPS_278_mix_278	BGC0000297.1	4	3765	False
BGC0000298	2	mibig3	NRPS_279_mix_279	BGC0000298.0	1	3374	False
BGC0000298	2	mibig3	NRPS_279_mix_279	BGC0000298.1	2	3375	False
BGC0000298	2	mibig3	NRPS_279_mix_279	BGC0000298.2	1	3374	False
BGC0000300	7	mibig3	NRPS_280_mix_280	BGC0000300.0	7	303	False
BGC0000301	6	mibig3	NRPS_281_mix_281	BGC0000301.0	6	2046	False
BGC0000301	6	mibig3	NRPS_281_mix_281	BGC0000301.1	6	4800	False
BGC0000302	8	mibig3	NRPS_2332_mix_2332_Others_282	BGC0000302.0	6	5349	False
BGC0000303	2	mibig3	None	BGC0000303.0	0	432	False
BGC0000304	4	mibig3	None	BGC0000304.0	3	341	False
BGC0000305	11	mibig3	NRPS_285_mix_285	BGC0000305.0	11	1782	True
BGC0000306	6	mibig3	NRPS_286_mix_286	BGC0000306.0	6	368	True
BGC0000307	9	mibig3	NRPS_287_mix_287	BGC0000307.0	9	3138	True
BGC0000308	2	mibig3	None	BGC0000308.0	0	1131	False
BGC0000308	2	mibig3	None	BGC0000308.1	0	1131	False
BGC0000308	2	mibig3	None	BGC0000308.2	0	211	False
BGC0000309	3	mibig3	NRPS_289_mix_1119	BGC0000309.0	9	3059	False
BGC0000310	12	mibig3	NRPS_290_mix_290	BGC0000310.0	12	612	True
BGC0000311	8	mibig3	NRPS_1822_PKS-NRP_Hybrids_1822_PKSother_1822_mix_1822	BGC0000311.0	9	1448	True
BGC0000312	2	mibig3	None	BGC0000312.0	8	1001	False
BGC0000313	2	mibig3	None	BGC0000313.0	6	393	True
BGC0000315	11	mibig3	NRPS_1280_mix_1280	BGC0000315.0	11	1756	True
BGC0000315	11	mibig3	NRPS_1280_mix_1280	BGC0000315.1	11	5435	True
BGC0000315	11	mibig3	NRPS_1280_mix_1280	BGC0000315.2	11	3005	True
BGC0000315	11	mibig3	NRPS_1280_mix_1280	BGC0000315.3	11	5346	True
BGC0000315	11	mibig3	NRPS_1280_mix_1280	BGC0000315.4	10	5436	True
BGC0000315	11	mibig3	NRPS_1280_mix_1280	BGC0000315.5	11	637	False
BGC0000315	11	mibig3	NRPS_1280_mix_1280	BGC0000315.6	11	637	True
BGC0000316	5	mibig3	None	BGC0000316.0	6	4371	False
BGC0000316	5	mibig3	None	BGC0000316.1	6	3597	False
BGC0000316	5	mibig3	None	BGC0000316.2	5	3830	False
BGC0000316	5	mibig3	None	BGC0000316.3	5	3826	False
BGC0000319	3	mibig3	None	BGC0000319.0	1	4098	False
BGC0000320	3	mibig3	None	BGC0000320.0	12	2453	False
BGC0000321	1	mibig3	None	BGC0000321.0	2	1479	False
BGC0000322	7	mibig3	NRPS_1822_mix_1822	BGC0000322.0	10	2141	True
BGC0000323	8	mibig3	NRPS_413_mix_413	BGC0000323.0	9	1895	True
BGC0000323	8	mibig3	NRPS_413_mix_413	BGC0000323.1	9	1895	False
BGC0000325	3	mibig3	NRPS_303_mix_303	BGC0000325.0	4	1041	False
BGC0000326	8	mibig3	NRPS_304_mix_304	BGC0000326.0	4	528	False
BGC0000327	1	mibig3	None	BGC0000327.0	0	561	False
BGC0000329	2	mibig3	None	BGC0000329.0	22	3333	False
BGC0000329	2	mibig3	None	BGC0000329.1	22	3333	False
BGC0000330	5	mibig3	NRPS_308_mix_308	BGC0000330.0	5	2938	False
BGC0000331	7	mibig3	NRPS_311_mix_309	BGC0000331.0	7	654	False
BGC0000332	7	mibig3	NRPS_311_mix_966	BGC0000332.0	6	1639	False
BGC0000333	7	mibig3	NRPS_312_mix_312_Others_312	BGC0000333.0	3	1367	False
BGC0000334	11	mibig3	NRPS_313_PKSother_313_mix_313	BGC0000334.0	11	627	True
BGC0000335	4	mibig3	PKSother_314_mix_314	BGC0000335.0	3	2105	False
BGC0000335	4	mibig3	PKSother_314_mix_314	BGC0000335.1	4	2103	False
BGC0000335	4	mibig3	PKSother_314_mix_314	BGC0000335.2	3	2104	False
BGC0000335	4	mibig3	PKSother_314_mix_314	BGC0000335.3	3	2106	False
BGC0000336	13	mibig3	NRPS_315_mix_315	BGC0000336.0	13	685	True
BGC0000337	8	mibig3	None	BGC0000337.0	5	709	False
BGC0000339	6	mibig3	NRPS_317_mix_317	BGC0000339.0	10	468	True
BGC0000341	17	mibig3	NRPS_319	BGC0000341.0	17	423	False
BGC0000341	17	mibig3	NRPS_319	BGC0000341.1	17	423	False
BGC0000342	2	mibig3	None	BGC0000342.0	5	3837	True
BGC0000343	2	mibig3	NRPS_321_mix_321	BGC0000343.0	6	1676	False
BGC0000345	3	mibig3	NRPS_323_PKS-NRP_Hybrids_323_PKSother_323_mix_323	BGC0000345.0	1	3254	False
BGC0000346	4	mibig3	NRPS_324_PKS-NRP_Hybrids_324_PKSother_324_mix_324	BGC0000346.0	4	2904	True
BGC0000348	1	mibig3	None	BGC0000348.0	1	2120	False
BGC0000349	4	mibig3	NRPS_327_mix_327	BGC0000349.0	4	1951	True
BGC0000350	3	mibig3	None	BGC0000350.0	0	5142	False
BGC0000352	2	mibig3	None	BGC0000352.0	4	3658	False
BGC0000353	1	mibig3	NRPS_331_PKS-NRP_Hybrids_331_PKSother_331_mix_331	BGC0000353.0	1	1918	False
BGC0000354	11	mibig3	NRPS_332_mix_332	BGC0000354.0	11	3155	False
BGC0000354	11	mibig3	NRPS_332_mix_332	BGC0000354.1	11	3155	True
BGC0000354	11	mibig3	NRPS_332_mix_332	BGC0000354.2	11	3155	False
BGC0000354	11	mibig3	NRPS_332_mix_332	BGC0000354.3	11	3155	True
BGC0000355	4	mibig3	None	BGC0000355.0	1	3786	False
BGC0000355	4	mibig3	None	BGC0000355.1	1	2374	False
BGC0000355	4	mibig3	None	BGC0000355.2	1	2374	False
BGC0000359	6	mibig3	NRPS_336_mix_336	BGC0000359.0	10	2876	True
BGC0000359	6	mibig3	NRPS_336_mix_336	BGC0000359.1	10	2880	True
BGC0000359	6	mibig3	NRPS_336_mix_336	BGC0000359.2	9	2878	False
BGC0000360	6	mibig3	None	BGC0000360.0	0	561	False
BGC0000366	6	mibig3	NRPS_343_mix_343	BGC0000366.0	6	4249	False
BGC0000366	6	mibig3	NRPS_343_mix_343	BGC0000366.1	6	4249	False
BGC0000367	13	mibig3	NRPS_344_mix_344	BGC0000367.0	16	1501	False
BGC0000369	10	mibig3	NRPS_346_mix_346	BGC0000369.0	10	3985	False
BGC0000369	10	mibig3	NRPS_346_mix_346	BGC0000369.1	10	3984	False
BGC0000371	4	mibig3	mix_2505	BGC0000371.0	5	1551	False
BGC0000371	4	mibig3	mix_2505	BGC0000371.1	4	1553	False
BGC0000372	2	mibig3	None	BGC0000372.0	0	1211	False
BGC0000372	2	mibig3	None	BGC0000372.1	0	159	False
BGC0000372	2	mibig3	None	BGC0000372.2	0	1211	False
BGC0000373	1	mibig3	NRPS_350_mix_350	BGC0000373.0	0	441	False
BGC0000374	8	mibig3	NRPS_351	BGC0000374.0	4	78	False
BGC0000374	8	mibig3	NRPS_351	BGC0000374.1	4	78	False
BGC0000374	8	mibig3	NRPS_351	BGC0000374.2	4	81	False
BGC0000374	8	mibig3	NRPS_351	BGC0000374.4	5	73	True
BGC0000374	8	mibig3	NRPS_351	BGC0000374.5	6	75	False
BGC0000374	8	mibig3	NRPS_351	BGC0000374.6	4	77	True
BGC0000376	5	mibig3	None	BGC0000376.0	2	4253	False
BGC0000376	5	mibig3	None	BGC0000376.1	2	4253	False
BGC0000377	5	mibig3	None	BGC0000377.0	5	4950	False
BGC0000378	8	mibig3	NRPS_355_mix_355	BGC0000378.0	1	4727	False
BGC0000378	8	mibig3	NRPS_355_mix_355	BGC0000378.1	0	4726	False
BGC0000378	8	mibig3	NRPS_355_mix_355	BGC0000378.2	1	4727	False
BGC0000378	8	mibig3	NRPS_355_mix_355	BGC0000378.3	0	4726	False
BGC0000378	8	mibig3	NRPS_355_mix_355	BGC0000378.4	2	2764	False
BGC0000378	8	mibig3	NRPS_355_mix_355	BGC0000378.5	0	4726	False
BGC0000378	8	mibig3	NRPS_355_mix_355	BGC0000378.6	2	2764	False
BGC0000378	8	mibig3	NRPS_355_mix_355	BGC0000378.7	0	4726	False
BGC0000379	11	mibig3	NRPS_356_mix_356	BGC0000379.0	11	367	True
BGC0000380	4	mibig3	NRPS_357	BGC0000380.0	0	3357	False
BGC0000380	4	mibig3	NRPS_357	BGC0000380.1	0	3357	False
BGC0000380	4	mibig3	NRPS_357	BGC0000380.2	0	3357	False
BGC0000380	4	mibig3	NRPS_357	BGC0000380.3	0	3357	False
BGC0000380	4	mibig3	NRPS_357	BGC0000380.4	0	3357	False
BGC0000380	4	mibig3	NRPS_357	BGC0000380.5	0	3357	False
BGC0000383	3	mibig3	mix_360	BGC0000383.0	3	2047	True
BGC0000384	2	mibig3	None	BGC0000384.0	1	1597	False
BGC0000385	11	mibig3	NRPS_362_mix_362	BGC0000385.0	11	1185	True
BGC0000386	4	mibig3	NRPS_363_mix_363	BGC0000386.0	4	675	False
BGC0000386	4	mibig3	NRPS_363_mix_363	BGC0000386.1	5	676	True
BGC0000386	4	mibig3	NRPS_363_mix_363	BGC0000386.2	4	675	False
BGC0000386	4	mibig3	NRPS_363_mix_363	BGC0000386.3	9	671	True
BGC0000388	5	mibig3	NRPS_365_mix_365	BGC0000388.0	8	5517	False
BGC0000391	2	mibig3	None	BGC0000391.0	1	4059	False
BGC0000391	2	mibig3	None	BGC0000391.1	1	1597	False
BGC0000393	10	mibig3	NRPS_368_PKS-NRP_Hybrids_368_PKSother_368_mix_368	BGC0000393.0	9	3085	True
BGC0000394	5	mibig3	None	BGC0000394.0	1	2779	False
BGC0000395	5	mibig3	mix_370	BGC0000395.0	4	2427	True
BGC0000396	3	mibig3	NRPS_371_mix_371	BGC0000396.0	5	1999	False
BGC0000397	7	mibig3	NRPS_372_mix_372	BGC0000397.0	5	489	False
BGC0000398	10	mibig3	NRPS_373_mix_2364	BGC0000398.0	10	230	True
BGC0000399	10	mibig3	NRPS_373_mix_2364	BGC0000399.0	10	227	True
BGC0000399	10	mibig3	NRPS_373_mix_2364	BGC0000399.1	10	227	True
BGC0000400	13	mibig3	NRPS_375_mix_375	BGC0000400.0	13	4222	True
BGC0000402	7	mibig3	NRPS_377_PKS-NRP_Hybrids_377_PKSother_1041_mix_1041	BGC0000402.0	7	1426	True
BGC0000402	7	mibig3	NRPS_377_PKS-NRP_Hybrids_377_PKSother_1041_mix_1041	BGC0000402.1	7	1428	True
BGC0000402	7	mibig3	NRPS_377_PKS-NRP_Hybrids_377_PKSother_1041_mix_1041	BGC0000402.2	7	1426	True
BGC0000403	9	mibig3	NRPS_378_mix_1605	BGC0000403.0	9	1901	False
BGC0000403	9	mibig3	NRPS_378_mix_1605	BGC0000403.1	9	1904	False
BGC0000403	9	mibig3	NRPS_378_mix_1605	BGC0000403.2	9	1901	False
BGC0000403	9	mibig3	NRPS_378_mix_1605	BGC0000403.3	9	1904	False
BGC0000405	3	mibig3	NRPS_382_mix_382	BGC0000405.0	3	694	True
BGC0000405	3	mibig3	NRPS_382_mix_382	BGC0000405.1	3	2389	True
BGC0000406	3	mibig3	None	BGC0000406.0	3	2006	False
BGC0000406	3	mibig3	None	BGC0000406.1	1	2005	False
BGC0000407	11	mibig3	NRPS_384_mix_384	BGC0000407.0	10	224	False
BGC0000409	2	mibig3	None	BGC0000409.0	0	432	False
BGC0000410	1	mibig3	None	BGC0000410.0	2	5106	False
BGC0000412	2	mibig3	mix_390	BGC0000412.0	3	1254	False
BGC0000413	3	mibig3	NRPS_391_mix_391_Others_391	BGC0000413.0	10	4352	False
BGC0000414	4	mibig3	None	BGC0000414.0	0	159	False
BGC0000415	6	mibig3	NRPS_393_mix_393	BGC0000415.0	10	468	False
BGC0000416	3	mibig3	mix_394	BGC0000416.0	4	1456	True
BGC0000416	3	mibig3	mix_394	BGC0000416.1	4	3113	True
BGC0000416	3	mibig3	mix_394	BGC0000416.2	5	3111	False
BGC0000416	3	mibig3	mix_394	BGC0000416.3	5	3309	False
BGC0000417	2	mibig3	NRPS_395_mix_395	BGC0000417.0	4	2743	False
BGC0000418	8	mibig3	NRPS_1822_PKS-NRP_Hybrids_1822_PKSother_1822_mix_1822	BGC0000418.0	11	1788	False
BGC0000418	8	mibig3	NRPS_1822_PKS-NRP_Hybrids_1822_PKSother_1822_mix_1822	BGC0000418.1	12	2363	False
BGC0000418	8	mibig3	NRPS_1822_PKS-NRP_Hybrids_1822_PKSother_1822_mix_1822	BGC0000418.2	9	2362	False
BGC0000418	8	mibig3	NRPS_1822_PKS-NRP_Hybrids_1822_PKSother_1822_mix_1822	BGC0000418.3	10	2361	False
BGC0000419	8	mibig3	NRPS_1822_PKS-NRP_Hybrids_1822_PKSother_1822_mix_1822	BGC0000419.0	11	1788	False
BGC0000420	2	mibig3	None	BGC0000420.0	2	399	False
BGC0000420	2	mibig3	None	BGC0000420.1	1	398	False
BGC0000420	2	mibig3	None	BGC0000420.2	1	404	False
BGC0000420	2	mibig3	None	BGC0000420.3	0	211	False
BGC0000420	2	mibig3	None	BGC0000420.4	0	211	False
BGC0000420	2	mibig3	None	BGC0000420.5	0	211	False
BGC0000420	2	mibig3	None	BGC0000420.6	0	211	False
BGC0000421	3	mibig3	None	BGC0000421.0	1	2897	False
BGC0000421	3	mibig3	None	BGC0000421.1	1	2897	False
BGC0000422	3	mibig3	None	BGC0000422.0	1	2480	False
BGC0000422	3	mibig3	None	BGC0000422.1	1	2480	False
BGC0000423	5	mibig3	NRPS_401_mix_401	BGC0000423.0	5	5071	True
BGC0000424	6	mibig3	NRPS_402_mix_402	BGC0000424.0	6	2542	False
BGC0000424	6	mibig3	NRPS_402_mix_402	BGC0000424.1	6	2542	True
BGC0000424	6	mibig3	NRPS_402_mix_402	BGC0000424.2	6	2542	False
BGC0000425	18	mibig3	NRPS_403_mix_403	BGC0000425.0	18	2741	False
BGC0000426	3	mibig3	NRPS_404_mix_404	BGC0000426.0	3	2539	True
BGC0000428	2	mibig3	None	BGC0000428.0	0	3384	False
BGC0000429	11	mibig3	NRPS_2484_mix_2484_Others_2484	BGC0000429.0	9	708	True
BGC0000429	11	mibig3	NRPS_2484_mix_2484_Others_2484	BGC0000429.1	9	3063	True
BGC0000430	3	mibig3	NRPS_408_mix_408	BGC0000430.0	4	1319	False
BGC0000430	3	mibig3	NRPS_408_mix_408	BGC0000430.1	4	1319	False
BGC0000433	7	mibig3	NRPS_411	BGC0000433.0	7	462	True
BGC0000434	6	mibig3	NRPS_412_mix_1164	BGC0000434.0	6	5620	True
BGC0000434	6	mibig3	NRPS_412_mix_1164	BGC0000434.1	6	4586	True
BGC0000434	6	mibig3	NRPS_412_mix_1164	BGC0000434.2	5	5621	False
BGC0000434	6	mibig3	NRPS_412_mix_1164	BGC0000434.3	6	5623	False
BGC0000434	6	mibig3	NRPS_412_mix_1164	BGC0000434.4	6	4588	True
BGC0000435	8	mibig3	NRPS_413_mix_413	BGC0000435.0	8	4860	False
BGC0000435	8	mibig3	NRPS_413_mix_413	BGC0000435.1	8	5430	False
BGC0000435	8	mibig3	NRPS_413_mix_413	BGC0000435.2	8	4859	False
BGC0000435	8	mibig3	NRPS_413_mix_413	BGC0000435.3	8	4860	False
BGC0000435	8	mibig3	NRPS_413_mix_413	BGC0000435.4	8	5430	False
BGC0000435	8	mibig3	NRPS_413_mix_413	BGC0000435.5	8	4859	False
BGC0000436	3	mibig3	PKSother_415_mix_415	BGC0000436.0	4	415	False
BGC0000437	31	mibig3	NRPS_416_mix_416	BGC0000437.0	9	3246	False
BGC0000438	22	mibig3	NRPS_417_mix_417	BGC0000438.0	25	3336	False
BGC0000439	13	mibig3	NRPS_418_mix_418	BGC0000439.0	11	4084	True
BGC0000440	7	mibig3	NRPS_419_PKS-NRP_Hybrids_419_PKSother_419_mix_419	BGC0000440.0	8	467	False
BGC0000440	7	mibig3	NRPS_419_PKS-NRP_Hybrids_419_PKSother_419_mix_419	BGC0000440.1	8	467	False
BGC0000440	7	mibig3	NRPS_419_PKS-NRP_Hybrids_419_PKSother_419_mix_419	BGC0000440.2	8	467	False
BGC0000440	7	mibig3	NRPS_419_PKS-NRP_Hybrids_419_PKSother_419_mix_419	BGC0000440.3	8	467	False
BGC0000440	7	mibig3	NRPS_419_PKS-NRP_Hybrids_419_PKSother_419_mix_419	BGC0000440.4	8	467	False
BGC0000441	7	mibig3	NRPS_419_PKS-NRP_Hybrids_419_PKSother_419_mix_419	BGC0000441.0	7	2098	True
BGC0000443	9	mibig3	NRPS_422_mix_422	BGC0000443.0	7	1851	False
BGC0000444	2	mibig3	None	BGC0000444.0	0	211	False
BGC0000445	10	mibig3	NRPS_424	BGC0000445.0	8	783	True
BGC0000446	2	mibig3	None	BGC0000446.0	0	432	False
BGC0000446	2	mibig3	None	BGC0000446.1	1	433	False
BGC0000446	2	mibig3	None	BGC0000446.2	0	432	False
BGC0000446	2	mibig3	None	BGC0000446.3	0	432	False
BGC0000446	2	mibig3	None	BGC0000446.4	0	432	False
BGC0000447	18	mibig3	NRPS_403_mix_403	BGC0000447.0	18	2489	False
BGC0000447	18	mibig3	NRPS_403_mix_403	BGC0000447.1	18	3000	False
BGC0000448	2	mibig3	None	BGC0000448.0	0	155	False
BGC0000450	6	mibig3	NRPS_393_mix_393	BGC0000450.0	10	1583	True
BGC0000452	10	mibig3	NRPS_431_mix_431	BGC0000452.0	10	2864	True
BGC0000453	3	mibig3	None	BGC0000453.0	12	1445	False
BGC0000454	3	mibig3	NRPS_433_mix_433	BGC0000454.0	3	1941	False
BGC0000455	8	mibig3	NRPS_1535_PKS-NRP_Hybrids_1822_PKSother_1822_mix_1822	BGC0000455.0	9	2109	True
BGC0000457	1	mibig3	None	BGC0000457.0	3	1438	False
BGC0000459	11	mibig3	mix_437	BGC0000459.0	2	478	False
BGC0000459	11	mibig3	mix_437	BGC0000459.1	8	477	True
BGC0000460	3	mibig3	mix_438	BGC0000460.0	6	4456	False
BGC0000461	12	mibig3	NRPS_439_mix_439	BGC0000461.0	12	4091	True
BGC0000464	26	mibig3	NRPS_440_mix_440	BGC0000464.0	13	2799	True
BGC0000464	26	mibig3	NRPS_440_mix_440	BGC0000464.1	13	2800	True
BGC0000465	2	mibig3	mix_441	BGC0000465.0	2	2843	False
BGC0000465	2	mibig3	mix_441	BGC0000465.1	2	2843	False
BGC0000465	2	mibig3	mix_441	BGC0000465.2	2	2842	False
BGC0000465	2	mibig3	mix_441	BGC0000465.3	2	2842	False
BGC0000816	2	mibig3	None	BGC0000816.0	0	159	False
BGC0000818	2	mibig3	None	BGC0000818.0	0	159	False
BGC0000819	2	mibig3	None	BGC0000819.0	0	2866	False
BGC0000949	1	mibig3	None	BGC0000949.0	0	390	False
BGC0000949	1	mibig3	None	BGC0000949.1	0	390	False
BGC0000951	4	mibig3	mix_902	BGC0000951.0	3	4429	False
BGC0000951	4	mibig3	mix_902	BGC0000951.1	3	4426	False
BGC0000951	4	mibig3	mix_902	BGC0000951.2	2	4424	False
BGC0000951	4	mibig3	mix_902	BGC0000951.3	2	3626	False
BGC0000951	4	mibig3	mix_902	BGC0000951.4	2	249	False
BGC0000951	4	mibig3	mix_902	BGC0000951.5	3	1021	False
BGC0000951	4	mibig3	mix_902	BGC0000951.6	3	2373	False
BGC0000951	4	mibig3	mix_902	BGC0000951.7	3	4382	False
BGC0000954	2	mibig3	NRPS_904_PKS-NRP_Hybrids_904_PKSother_904_mix_904	BGC0000954.0	0	2473	False
BGC0000955	5	mibig3	PKS-NRP_Hybrids_905_PKSother_905_mix_905	BGC0000955.0	3	116	False
BGC0000958	2	mibig3	NRPS_908_PKSother_908_mix_908	BGC0000958.0	1	1647	False
BGC0000959	1	mibig3	NRPS_909_PKS-NRP_Hybrids_909_PKSother_1920_mix_909	BGC0000959.0	0	190	False
BGC0000959	1	mibig3	NRPS_909_PKS-NRP_Hybrids_909_PKSother_1920_mix_909	BGC0000959.1	0	190	False
BGC0000960	3	mibig3	None	BGC0000960.0	0	4275	False
BGC0000961	3	mibig3	None	BGC0000961.0	1	2897	False
BGC0000963	12	mibig3	NRPS_913_PKSother_913	BGC0000963.0	8	419	False
BGC0000964	4	mibig3	NRPS_914_mix_914	BGC0000964.0	3	4065	False
BGC0000964	4	mibig3	NRPS_914_mix_914	BGC0000964.1	3	2222	False
BGC0000966	5	mibig3	mix_916	BGC0000966.0	0	190	False
BGC0000967	2	mibig3	NRPS_917_PKS-NRP_Hybrids_917_PKSother_917_mix_917	BGC0000967.0	0	3141	False
BGC0000967	2	mibig3	NRPS_917_PKS-NRP_Hybrids_917_PKSother_917_mix_917	BGC0000967.1	0	3141	False
BGC0000967	2	mibig3	NRPS_917_PKS-NRP_Hybrids_917_PKSother_917_mix_917	BGC0000967.2	0	3141	False
BGC0000967	2	mibig3	NRPS_917_PKS-NRP_Hybrids_917_PKSother_917_mix_917	BGC0000967.3	0	3141	False
BGC0000968	1	mibig3	NRPS_918_PKS-NRP_Hybrids_918_PKSother_918_mix_918	BGC0000968.0	0	1082	False
BGC0000968	1	mibig3	NRPS_918_PKS-NRP_Hybrids_918_PKSother_918_mix_918	BGC0000968.1	1	2825	False
BGC0000969	3	mibig3	NRPS_919_PKS-NRP_Hybrids_919_PKSother_919_mix_919	BGC0000969.0	2	1313	False
BGC0000970	1	mibig3	NRPS_920_PKSother_920_mix_920	BGC0000970.0	0	1072	False
BGC0000972	7	mibig3	None	BGC0000972.0	1	1107	False
BGC0000972	7	mibig3	None	BGC0000972.1	1	1107	False
BGC0000972	7	mibig3	None	BGC0000972.2	1	5666	False
BGC0000972	7	mibig3	None	BGC0000972.3	0	159	False
BGC0000972	7	mibig3	None	BGC0000972.4	3	5667	False
BGC0000973	5	mibig3	mix_923	BGC0000973.0	0	159	False
BGC0000974	2	mibig3	NRPS_924_PKSother_924_mix_924	BGC0000974.0	0	2882	False
BGC0000975	2	mibig3	NRPS_925_PKS-NRP_Hybrids_925_PKSother_925_mix_925	BGC0000975.0	1	4675	False
BGC0000976	1	mibig3	NRPS_1101_PKS-NRP_Hybrids_1101_PKSother_1101_mix_1101	BGC0000976.0	0	1131	False
BGC0000977	1	mibig3	NRPS_927_PKSI_927_mix_927_Others_927	BGC0000977.0	0	159	False
BGC0000977	1	mibig3	NRPS_927_PKSI_927_mix_927_Others_927	BGC0000977.1	0	159	False
BGC0000982	2	mibig3	NRPS_932_PKS-NRP_Hybrids_932_PKSother_932_mix_932	BGC0000982.0	1	1441	False
BGC0000983	1	mibig3	NRPS_933_PKS-NRP_Hybrids_933_PKSother_933_mix_933	BGC0000983.0	0	1082	False
BGC0000983	1	mibig3	NRPS_933_PKS-NRP_Hybrids_933_PKSother_933_mix_933	BGC0000983.1	0	1082	False
BGC0000984	9	mibig3	NRPS_934_PKS-NRP_Hybrids_934_PKSother_934_mix_934	BGC0000984.0	9	481	False
BGC0000984	9	mibig3	NRPS_934_PKS-NRP_Hybrids_934_PKSother_934_mix_934	BGC0000984.1	9	482	False
BGC0000985	9	mibig3	mix_935	BGC0000985.0	9	2039	False
BGC0000985	9	mibig3	mix_935	BGC0000985.1	9	4831	True
BGC0000985	9	mibig3	mix_935	BGC0000985.2	9	4831	False
BGC0000985	9	mibig3	mix_935	BGC0000985.3	12	5668	False
BGC0000985	9	mibig3	mix_935	BGC0000985.4	13	5669	True
BGC0000986	3	mibig3	NRPS_936_PKSI_936_mix_936	BGC0000986.0	2	5437	False
BGC0000986	3	mibig3	NRPS_936_PKSI_936_mix_936	BGC0000986.1	2	5437	False
BGC0000986	3	mibig3	NRPS_936_PKSI_936_mix_936	BGC0000986.10	2	357	False
BGC0000986	3	mibig3	NRPS_936_PKSI_936_mix_936	BGC0000986.11	2	357	False
BGC0000986	3	mibig3	NRPS_936_PKSI_936_mix_936	BGC0000986.12	2	357	False
BGC0000986	3	mibig3	NRPS_936_PKSI_936_mix_936	BGC0000986.2	2	5437	False
BGC0000986	3	mibig3	NRPS_936_PKSI_936_mix_936	BGC0000986.3	2	5437	False
BGC0000986	3	mibig3	NRPS_936_PKSI_936_mix_936	BGC0000986.4	2	357	False
BGC0000986	3	mibig3	NRPS_936_PKSI_936_mix_936	BGC0000986.5	2	5437	False
BGC0000986	3	mibig3	NRPS_936_PKSI_936_mix_936	BGC0000986.6	2	357	False
BGC0000986	3	mibig3	NRPS_936_PKSI_936_mix_936	BGC0000986.7	2	357	False
BGC0000986	3	mibig3	NRPS_936_PKSI_936_mix_936	BGC0000986.8	2	5437	False
BGC0000986	3	mibig3	NRPS_936_PKSI_936_mix_936	BGC0000986.9	2	357	False
BGC0000988	1	mibig3	NRPS_940_PKS-NRP_Hybrids_940_PKSother_940_mix_940	BGC0000988.0	0	1082	False
BGC0000989	1	mibig3	NRPS_940_PKS-NRP_Hybrids_940_PKSother_940_mix_940	BGC0000989.0	0	1082	False
BGC0000990	1	mibig3	NRPS_940_PKS-NRP_Hybrids_940_PKSother_940_mix_940	BGC0000990.0	0	1082	False
BGC0000991	1	mibig3	NRPS_940_PKS-NRP_Hybrids_940_PKSother_940_mix_940	BGC0000991.0	0	2883	False
BGC0000992	1	mibig3	NRPS_941_PKSI_941_mix_941_Others_941	BGC0000992.0	0	1082	False
BGC0000992	1	mibig3	NRPS_941_PKSI_941_mix_941_Others_941	BGC0000992.1	1	2503	False
BGC0000993	4	mibig3	NRPS_942_mix_942	BGC0000993.0	4	2170	False
BGC0000994	1	mibig3	NRPS_943_PKS-NRP_Hybrids_943_PKSother_943_mix_943	BGC0000994.0	1	1918	False
BGC0000995	1	mibig3	NRPS_944_PKS-NRP_Hybrids_944_PKSother_944_mix_944	BGC0000995.0	0	155	False
BGC0000996	1	mibig3	NRPS_945_PKS-NRP_Hybrids_945_PKSother_945_mix_945	BGC0000996.0	0	159	False
BGC0000996	1	mibig3	NRPS_945_PKS-NRP_Hybrids_945_PKSother_945_mix_945	BGC0000996.1	0	159	False
BGC0000997	3	mibig3	PKSother_946_mix_946	BGC0000997.0	3	563	False
BGC0000997	3	mibig3	PKSother_946_mix_946	BGC0000997.1	3	563	False
BGC0000997	3	mibig3	PKSother_946_mix_946	BGC0000997.2	3	563	False
BGC0000999	1	mibig3	NRPS_948_PKS-NRP_Hybrids_948_PKSother_2330_mix_948	BGC0000999.0	0	159	False
BGC0001000	3	mibig3	PKSother_949_mix_949	BGC0001000.0	2	201	False
BGC0001001	2	mibig3	NRPS_950_PKS-NRP_Hybrids_950_PKSother_950_mix_950	BGC0001001.0	0	2882	False
BGC0001001	2	mibig3	NRPS_950_PKS-NRP_Hybrids_950_PKSother_950_mix_950	BGC0001001.1	0	2882	False
BGC0001001	2	mibig3	NRPS_950_PKS-NRP_Hybrids_950_PKSother_950_mix_950	BGC0001001.2	0	2882	False
BGC0001005	6	mibig3	NRPS_954_PKS-NRP_Hybrids_954_PKSother_954_mix_954	BGC0001005.0	9	2972	False
BGC0001005	6	mibig3	NRPS_954_PKS-NRP_Hybrids_954_PKSother_954_mix_954	BGC0001005.1	9	2973	False
BGC0001005	6	mibig3	NRPS_954_PKS-NRP_Hybrids_954_PKSother_954_mix_954	BGC0001005.2	9	2972	False
BGC0001010	2	mibig3	NRPS_932_PKS-NRP_Hybrids_932_PKSother_932_mix_932	BGC0001010.0	1	1549	False
BGC0001011	1	mibig3	NRPS_959_PKS-NRP_Hybrids_959_PKSother_959_mix_959	BGC0001011.0	1	4508	False
BGC0001012	1	mibig3	NRPS_959_PKS-NRP_Hybrids_959_PKSother_959_mix_959	BGC0001012.0	1	4508	False
BGC0001013	1	mibig3	NRPS_959_PKS-NRP_Hybrids_959_PKSother_959_mix_959	BGC0001013.0	1	4508	False
BGC0001014	2	mibig3	NRPS_962_PKS-NRP_Hybrids_962_PKSother_962_mix_962	BGC0001014.0	3	3940	False
BGC0001015	7	mibig3	NRPS_1567_PKS-NRP_Hybrids_963_PKSother_963_mix_1567	BGC0001015.0	7	1156	False
BGC0001016	6	mibig3	NRPS_1567_PKS-NRP_Hybrids_1567_PKSother_1567_mix_1567	BGC0001016.0	7	1156	False
BGC0001017	7	mibig3	NRPS_1567_PKS-NRP_Hybrids_1567_PKSother_1567_mix_1567	BGC0001017.0	7	1156	False
BGC0001018	7	mibig3	NRPS_311_mix_966	BGC0001018.0	7	2929	True
BGC0001019	5	mibig3	NRPS_967_PKS-NRP_Hybrids_967_PKSother_1167_mix_967	BGC0001019.0	4	268	False
BGC0001020	4	mibig3	None	BGC0001020.0	3	926	False
BGC0001022	1	mibig3	NRPS_1302_PKS-NRP_Hybrids_971_PKSother_971_mix_971	BGC0001022.0	1	339	False
BGC0001022	1	mibig3	NRPS_1302_PKS-NRP_Hybrids_971_PKSother_971_mix_971	BGC0001022.1	1	339	False
BGC0001022	1	mibig3	NRPS_1302_PKS-NRP_Hybrids_971_PKSother_971_mix_971	BGC0001022.2	1	339	False
BGC0001023	6	mibig3	NRPS_1338_PKS-NRP_Hybrids_1338_PKSother_972_mix_1338	BGC0001023.0	5	716	False
BGC0001024	2	mibig3	NRPS_973_PKS-NRP_Hybrids_973_PKSother_973_mix_973	BGC0001024.0	1	1441	False
BGC0001025	1	mibig3	NRPS_974_PKS-NRP_Hybrids_974_PKSother_974_mix_974	BGC0001025.0	0	1091	False
BGC0001026	1	mibig3	NRPS_975_PKS-NRP_Hybrids_2094_PKSother_2094_mix_2094	BGC0001026.0	0	1082	False
BGC0001027	3	mibig3	NRPS_976_mix_976	BGC0001027.0	1	4398	False
BGC0001027	3	mibig3	NRPS_976_mix_976	BGC0001027.1	1	4398	False
BGC0001028	9	mibig3	NRPS_977_PKS-NRP_Hybrids_977_PKSother_977_mix_977	BGC0001028.0	9	818	True
BGC0001029	6	mibig3	NRPS_978_PKS-NRP_Hybrids_978_PKSother_978_mix_978	BGC0001029.0	6	647	False
BGC0001030	2	mibig3	PKS-NRP_Hybrids_2407_PKSother_979_mix_2407	BGC0001030.0	1	1470	False
BGC0001033	9	mibig3	NRPS_982_PKSother_982_mix_982	BGC0001033.0	6	853	False
BGC0001033	9	mibig3	NRPS_982_PKSother_982_mix_982	BGC0001033.1	6	843	False
BGC0001033	9	mibig3	NRPS_982_PKSother_982_mix_982	BGC0001033.2	5	845	False
BGC0001033	9	mibig3	NRPS_982_PKSother_982_mix_982	BGC0001033.3	5	846	False
BGC0001034	1	mibig3	NRPS_983_PKS-NRP_Hybrids_983_PKSother_983_mix_983	BGC0001034.0	1	452	False
BGC0001034	1	mibig3	NRPS_983_PKS-NRP_Hybrids_983_PKSother_983_mix_983	BGC0001034.1	1	452	False
BGC0001035	7	mibig3	None	BGC0001035.0	4	2982	True
BGC0001035	7	mibig3	None	BGC0001035.1	3	267	False
BGC0001036	7	mibig3	NRPS_985_PKS-NRP_Hybrids_985_PKSother_985_mix_985	BGC0001036.0	2	5339	False
BGC0001037	1	mibig3	NRPS_986_PKS-NRP_Hybrids_986_PKSother_986_mix_986	BGC0001037.0	0	159	False
BGC0001037	1	mibig3	NRPS_986_PKS-NRP_Hybrids_986_PKSother_986_mix_986	BGC0001037.1	0	159	False
BGC0001039	4	mibig3	PKSother_988	BGC0001039.0	3	4282	False
BGC0001040	1	mibig3	NRPS_989_PKS-NRP_Hybrids_989_PKSother_989_mix_989	BGC0001040.0	1	3064	False
BGC0001042	3	mibig3	NRPS_991_PKS-NRP_Hybrids_991_PKSother_991_mix_991	BGC0001042.0	2	643	True
BGC0001043	1	mibig3	NRPS_2190_PKS-NRP_Hybrids_2190_PKSother_2330_mix_2190	BGC0001043.0	0	2081	False
BGC0001043	1	mibig3	NRPS_2190_PKS-NRP_Hybrids_2190_PKSother_2330_mix_2190	BGC0001043.1	0	2081	False
BGC0001043	1	mibig3	NRPS_2190_PKS-NRP_Hybrids_2190_PKSother_2330_mix_2190	BGC0001043.2	0	2081	False
BGC0001043	1	mibig3	NRPS_2190_PKS-NRP_Hybrids_2190_PKSother_2330_mix_2190	BGC0001043.3	0	2081	False
BGC0001044	2	mibig3	None	BGC0001044.0	1	214	False
BGC0001045	4	mibig3	NRPS_994_mix_994	BGC0001045.0	3	1461	False
BGC0001046	1	mibig3	NRPS_1001_PKSI_995_mix_995	BGC0001046.0	0	1059	False
BGC0001047	3	mibig3	PKSother_996_mix_996	BGC0001047.0	4	415	False
BGC0001048	9	mibig3	NRPS_997_PKSother_997	BGC0001048.0	9	5550	False
BGC0001048	9	mibig3	NRPS_997_PKSother_997	BGC0001048.1	8	2232	False
BGC0001049	1	mibig3	NRPS_1074_PKS-NRP_Hybrids_1074_PKSother_998_mix_1154	BGC0001049.0	0	190	False
BGC0001050	3	mibig3	mix_999	BGC0001050.0	7	3030	True
BGC0001051	1	mibig3	NRPS_1000_PKS-NRP_Hybrids_1000_PKSother_1000_mix_1000	BGC0001051.0	0	1818	False
BGC0001052	1	mibig3	NRPS_1001_PKS-NRP_Hybrids_1001_PKSother_1001_mix_1001	BGC0001052.0	0	1082	False
BGC0001053	4	mibig3	NRPS_1002_PKSother_1002_mix_1002	BGC0001053.0	4	1123	False
BGC0001054	3	mibig3	None	BGC0001054.0	1	2847	False
BGC0001054	3	mibig3	None	BGC0001054.1	1	2846	False
BGC0001055	2	mibig3	PKSother_1004_mix_1004	BGC0001055.0	3	2454	False
BGC0001056	6	mibig3	NRPS_1005_PKSother_1068	BGC0001056.0	1	2065	False
BGC0001056	6	mibig3	NRPS_1005_PKSother_1068	BGC0001056.1	1	2065	False
BGC0001056	6	mibig3	NRPS_1005_PKSother_1068	BGC0001056.2	0	159	False
BGC0001056	6	mibig3	NRPS_1005_PKSother_1068	BGC0001056.3	6	2066	True
BGC0001056	6	mibig3	NRPS_1005_PKSother_1068	BGC0001056.4	6	2066	False
BGC0001057	2	mibig3	mix_1006	BGC0001057.0	0	1892	False
BGC0001058	11	mibig3	NRPS_1007	BGC0001058.0	8	1431	False
BGC0001059	7	mibig3	NRPS_1008_PKSother_1008_mix_1008	BGC0001059.0	0	1032	False
BGC0001069	1	mibig3	NRPS_1018_PKS-NRP_Hybrids_1018_PKSother_1018_mix_1018	BGC0001069.0	0	2143	False
BGC0001070	2	mibig3	NRPS_1019_PKS-NRP_Hybrids_1019_PKSother_1019_mix_1019	BGC0001070.0	0	155	False
BGC0001071	2	mibig3	NRPS_1020_PKS-NRP_Hybrids_1020_PKSother_1020_mix_1020	BGC0001071.0	0	2882	False
BGC0001084	2	mibig3	None	BGC0001084.0	0	159	False
BGC0001088	7	mibig3	mix_1034	BGC0001088.0	2	4480	False
BGC0001089	2	mibig3	NRPS_1035_PKS-NRP_Hybrids_1035_PKSother_1035_mix_1035	BGC0001089.0	3	4111	False
BGC0001090	7	mibig3	NRPS_1046_PKS-NRP_Hybrids_1041_PKSother_1041_mix_1041	BGC0001090.0	7	1627	True
BGC0001093	1	mibig3	NRPS_1038_PKSother_1038_mix_1038	BGC0001093.0	2	590	False
BGC0001095	11	mibig3	NRPS_1040_mix_384	BGC0001095.0	10	224	True
BGC0001098	7	mibig3	NRPS_1046_PKS-NRP_Hybrids_1041_PKSother_1041_mix_1041	BGC0001098.0	7	327	True
BGC0001099	1	mibig3	NRPS_1042_PKS-NRP_Hybrids_1042_PKSother_1042_mix_1042	BGC0001099.0	1	5003	False
BGC0001100	1	mibig3	NRPS_1043	BGC0001100.0	1	2480	False
BGC0001101	7	mibig3	NRPS_1044_PKS-NRP_Hybrids_1044_PKSother_1044_mix_1044	BGC0001101.0	1	2347	False
BGC0001103	8	mibig3	NRPS_1046_PKS-NRP_Hybrids_1046_PKSother_1046_mix_1046	BGC0001103.0	8	1478	False
BGC0001105	1	mibig3	NRPS_1047_PKS-NRP_Hybrids_1047_PKSother_1047_mix_1047	BGC0001105.0	1	814	False
BGC0001106	3	mibig3	NRPS_1048_PKS-NRP_Hybrids_1048_mix_1048	BGC0001106.0	0	155	False
BGC0001108	2	mibig3	NRPS_1049_PKS-NRP_Hybrids_1049_PKSother_1049_mix_1049	BGC0001108.0	0	155	False
BGC0001108	2	mibig3	NRPS_1049_PKS-NRP_Hybrids_1049_PKSother_1049_mix_1049	BGC0001108.1	0	155	False
BGC0001108	2	mibig3	NRPS_1049_PKS-NRP_Hybrids_1049_PKSother_1049_mix_1049	BGC0001108.2	0	155	False
BGC0001109	2	mibig3	NRPS_1049_PKS-NRP_Hybrids_1049_PKSother_1049_mix_1049	BGC0001109.0	0	155	False
BGC0001110	1	mibig3	NRPS_1051_PKS-NRP_Hybrids_1051_PKSother_1051_mix_1051	BGC0001110.0	0	155	False
BGC0001110	1	mibig3	NRPS_1051_PKS-NRP_Hybrids_1051_PKSother_1051_mix_1051	BGC0001110.1	0	155	False
BGC0001111	2	mibig3	NRPS_1052_PKS-NRP_Hybrids_1052_PKSother_1052_mix_1052	BGC0001111.0	0	3245	False
BGC0001113	1	mibig3	NRPS_1054_PKS-NRP_Hybrids_1054_PKSother_1054_mix_1054	BGC0001113.0	3	2684	False
BGC0001113	1	mibig3	NRPS_1054_PKS-NRP_Hybrids_1054_PKSother_1054_mix_1054	BGC0001113.1	0	155	False
BGC0001114	1	mibig3	NRPS_1055_PKS-NRP_Hybrids_1055_PKSother_1055_mix_1055	BGC0001114.0	0	155	False
BGC0001115	3	mibig3	NRPS_1056_PKSother_1056_mix_1056	BGC0001115.0	0	1933	False
BGC0001116	4	mibig3	NRPS_1057_PKS-NRP_Hybrids_1057_PKSother_1057_mix_1057	BGC0001116.0	7	1469	False
BGC0001117	6	mibig3	NRPS_1058_mix_1058	BGC0001117.0	10	238	False
BGC0001122	1	mibig3	NRPS_1061_PKS-NRP_Hybrids_1061_PKSother_1061_mix_1061	BGC0001122.0	0	211	False
BGC0001122	1	mibig3	NRPS_1061_PKS-NRP_Hybrids_1061_PKSother_1061_mix_1061	BGC0001122.1	1	3904	False
BGC0001123	1	mibig3	None	BGC0001123.0	0	159	False
BGC0001125	9	mibig3	NRPS_1064_PKS-NRP_Hybrids_1064_PKSother_1820_mix_1820	BGC0001125.0	9	790	False
BGC0001125	9	mibig3	NRPS_1064_PKS-NRP_Hybrids_1064_PKSother_1820_mix_1820	BGC0001125.1	9	2993	False
BGC0001125	9	mibig3	NRPS_1064_PKS-NRP_Hybrids_1064_PKSother_1820_mix_1820	BGC0001125.2	9	784	False
BGC0001125	9	mibig3	NRPS_1064_PKS-NRP_Hybrids_1064_PKSother_1820_mix_1820	BGC0001125.3	9	2990	False
BGC0001127	8	mibig3	None	BGC0001127.0	9	1708	True
BGC0001128	5	mibig3	NRPS_1067_mix_2523	BGC0001128.0	5	294	True
BGC0001130	6	mibig3	NRPS_1068_PKSother_1068	BGC0001130.0	6	4799	False
BGC0001130	6	mibig3	NRPS_1068_PKSother_1068	BGC0001130.1	6	4799	True
BGC0001130	6	mibig3	NRPS_1068_PKSother_1068	BGC0001130.2	6	4798	False
BGC0001130	6	mibig3	NRPS_1068_PKSother_1068	BGC0001130.3	6	4798	False
BGC0001131	6	mibig3	NRPS_1069_mix_1069	BGC0001131.0	6	3264	True
BGC0001132	4	mibig3	NRPS_1070_mix_2523	BGC0001132.0	4	2806	True
BGC0001133	7	mibig3	NRPS_1071_mix_1071	BGC0001133.0	7	2924	True
BGC0001135	5	mibig3	NRPS_1073_mix_1073	BGC0001135.0	6	1151	True
BGC0001135	5	mibig3	NRPS_1073_mix_1073	BGC0001135.1	5	3850	True
BGC0001136	1	mibig3	NRPS_1074_PKS-NRP_Hybrids_1074_PKSother_998_mix_1154	BGC0001136.0	0	190	False
BGC0001142	4	mibig3	None	BGC0001142.0	1	5475	False
BGC0001147	1	mibig3	None	BGC0001147.1	0	561	False
BGC0001147	1	mibig3	None	BGC0001147.2	0	561	False
BGC0001149	2	mibig3	None	BGC0001149.0	1	3689	False
BGC0001152	7	mibig3	NRPS_1089_mix_1089	BGC0001152.0	6	1278	True
BGC0001153	10	mibig3	NRPS_2460_mix_2460	BGC0001153.0	10	881	False
BGC0001165	1	mibig3	NRPS_1101_PKS-NRP_Hybrids_1101_PKSother_1101_mix_1101	BGC0001165.0	0	1131	False
BGC0001166	4	mibig3	mix_1102	BGC0001166.0	3	436	False
BGC0001178	7	mibig3	NRPS_1113_PKS-NRP_Hybrids_1113_PKSother_1113_mix_1113	BGC0001178.0	7	1440	False
BGC0001185	3	mibig3	NRPS_1119_mix_1119	BGC0001185.0	9	3059	True
BGC0001187	1	mibig3	NRPS_1121_PKS-NRP_Hybrids_1121_PKSother_1121_mix_1121	BGC0001187.0	0	159	False
BGC0001189	6	mibig3	NRPS_1123_mix_1123	BGC0001189.0	6	940	True
BGC0001192	10	mibig3	NRPS_2460_mix_2460	BGC0001192.0	10	1227	False
BGC0001192	10	mibig3	NRPS_2460_mix_2460	BGC0001192.1	10	1227	False
BGC0001193	2	mibig3	NRPS_1127_mix_1127	BGC0001193.0	0	441	False
BGC0001195	1	mibig3	NRPS_1129_PKS-NRP_Hybrids_1129_PKSother_1129_mix_1129	BGC0001195.0	1	4436	False
BGC0001195	1	mibig3	NRPS_1129_PKS-NRP_Hybrids_1129_PKSother_1129_mix_1129	BGC0001195.1	1	4435	False
BGC0001195	1	mibig3	NRPS_1129_PKS-NRP_Hybrids_1129_PKSother_1129_mix_1129	BGC0001195.2	1	4438	False
BGC0001195	1	mibig3	NRPS_1129_PKS-NRP_Hybrids_1129_PKSother_1129_mix_1129	BGC0001195.3	1	4437	False
BGC0001202	4	mibig3	NRPS_1136_PKS-NRP_Hybrids_1136_PKSother_1136_mix_1136	BGC0001202.0	1	5116	False
BGC0001202	4	mibig3	NRPS_1136_PKS-NRP_Hybrids_1136_PKSother_1136_mix_1136	BGC0001202.1	2	5114	False
BGC0001203	4	mibig3	NRPS_1138_PKS-NRP_Hybrids_1138_PKSother_1138_mix_1138	BGC0001203.0	4	4941	False
BGC0001203	4	mibig3	NRPS_1138_PKS-NRP_Hybrids_1138_PKSother_1138_mix_1138	BGC0001203.1	4	4941	False
BGC0001203	4	mibig3	NRPS_1138_PKS-NRP_Hybrids_1138_PKSother_1138_mix_1138	BGC0001203.2	4	4942	False
BGC0001203	4	mibig3	NRPS_1138_PKS-NRP_Hybrids_1138_PKSother_1138_mix_1138	BGC0001203.3	4	4942	False
BGC0001203	4	mibig3	NRPS_1138_PKS-NRP_Hybrids_1138_PKSother_1138_mix_1138	BGC0001203.4	4	4941	False
BGC0001207	11	mibig3	NRPS_1143_mix_1143	BGC0001207.0	11	3833	True
BGC0001211	6	mibig3	NRPS_1146_mix_1146	BGC0001211.0	6	1173	False
BGC0001212	3	mibig3	NRPS_1148_PKS-NRP_Hybrids_1148_PKSother_1148_mix_1148	BGC0001212.0	2	538	False
BGC0001214	7	mibig3	NRPS_1150_mix_1150	BGC0001214.0	6	5418	False
BGC0001214	7	mibig3	NRPS_1150_mix_1150	BGC0001214.1	6	5419	False
BGC0001214	7	mibig3	NRPS_1150_mix_1150	BGC0001214.2	5	5420	False
BGC0001214	7	mibig3	NRPS_1150_mix_1150	BGC0001214.3	5	5421	False
BGC0001214	7	mibig3	NRPS_1150_mix_1150	BGC0001214.4	5	5422	True
BGC0001214	7	mibig3	NRPS_1150_mix_1150	BGC0001214.5	6	5423	False
BGC0001216	2	mibig3	NRPS_908_PKSother_908_mix_908	BGC0001216.0	1	4939	False
BGC0001218	1	mibig3	NRPS_1154_PKS-NRP_Hybrids_1154_PKSother_998_mix_1154	BGC0001218.0	0	159	False
BGC0001220	7	mibig3	None	BGC0001220.0	3	2487	False
BGC0001228	4	mibig3	NRPS_1164_mix_1164	BGC0001228.0	5	5164	False
BGC0001230	7	mibig3	NRPS_1166_mix_1166	BGC0001230.0	7	1640	False
BGC0001230	7	mibig3	NRPS_1166_mix_1166	BGC0001230.1	7	1640	False
BGC0001230	7	mibig3	NRPS_1166_mix_1166	BGC0001230.2	6	3635	False
BGC0001230	7	mibig3	NRPS_1166_mix_1166	BGC0001230.3	7	2417	True
BGC0001230	7	mibig3	NRPS_1166_mix_1166	BGC0001230.4	5	2817	False
BGC0001230	7	mibig3	NRPS_1166_mix_1166	BGC0001230.5	7	1640	False
BGC0001230	7	mibig3	NRPS_1166_mix_1166	BGC0001230.6	7	3639	True
BGC0001230	7	mibig3	NRPS_1166_mix_1166	BGC0001230.7	6	3638	True
BGC0001231	5	mibig3	NRPS_1167_PKS-NRP_Hybrids_1167_PKSother_1167_mix_1167	BGC0001231.0	3	1631	False
BGC0001233	13	mibig3	NRPS_1168_PKS-NRP_Hybrids_1168_PKSother_1168_mix_1168	BGC0001233.0	13	1238	True
BGC0001235	3	mibig3	NRPS_1169_PKS-NRP_Hybrids_1169_PKSother_1169_mix_1169	BGC0001235.0	3	1967	True
BGC0001240	7	mibig3	mix_1174	BGC0001240.0	6	4465	False
BGC0001240	7	mibig3	mix_1174	BGC0001240.1	6	935	True
BGC0001250	3	mibig3	mix_1184	BGC0001250.0	8	1330	False
BGC0001255	1	mibig3	NRPS_1187_PKS-NRP_Hybrids_1187_PKSother_1187_mix_1187	BGC0001255.0	0	159	False
BGC0001261	3	mibig3	mix_1191	BGC0001261.0	3	333	False
BGC0001268	1	mibig3	NRPS_2094_PKS-NRP_Hybrids_59_PKSother_59_mix_59	BGC0001268.0	0	1082	False
BGC0001290	6	mibig3	NRPS_1210_PKS-NRP_Hybrids_1210_PKSother_2092_mix_1210	BGC0001290.0	5	966	False
BGC0001290	6	mibig3	NRPS_1210_PKS-NRP_Hybrids_1210_PKSother_2092_mix_1210	BGC0001290.1	5	966	True
BGC0001297	7	mibig3	NRPS_2199_mix_2199_Others_2199	BGC0001297.0	6	1661	False
BGC0001297	7	mibig3	NRPS_2199_mix_2199_Others_2199	BGC0001297.1	6	869	False
BGC0001297	7	mibig3	NRPS_2199_mix_2199_Others_2199	BGC0001297.2	4	990	False
BGC0001312	7	mibig3	NRPS_1231_mix_1231	BGC0001312.0	9	1328	True
BGC0001327	4	mibig3	NRPS_1243_PKS-NRP_Hybrids_1243_PKSother_1243_mix_1243	BGC0001327.0	3	849	False
BGC0001327	4	mibig3	NRPS_1243_PKS-NRP_Hybrids_1243_PKSother_1243_mix_1243	BGC0001327.1	3	849	False
BGC0001328	4	mibig3	NRPS_1243_PKS-NRP_Hybrids_1243_PKSother_1243_mix_1243	BGC0001328.0	3	849	False
BGC0001328	4	mibig3	NRPS_1243_PKS-NRP_Hybrids_1243_PKSother_1243_mix_1243	BGC0001328.1	3	849	False
BGC0001330	4	mibig3	NRPS_1246_mix_1246	BGC0001330.0	4	1020	False
BGC0001330	4	mibig3	NRPS_1246_mix_1246	BGC0001330.1	4	1020	False
BGC0001330	4	mibig3	NRPS_1246_mix_1246	BGC0001330.2	4	1020	False
BGC0001330	4	mibig3	NRPS_1246_mix_1246	BGC0001330.3	4	1020	False
BGC0001330	4	mibig3	NRPS_1246_mix_1246	BGC0001330.4	4	1020	False
BGC0001330	4	mibig3	NRPS_1246_mix_1246	BGC0001330.5	4	1020	False
BGC0001330	4	mibig3	NRPS_1246_mix_1246	BGC0001330.6	4	1020	True
BGC0001331	3	mibig3	NRPS_1246_PKS-NRP_Hybrids_1247_PKSother_1247_mix_1246	BGC0001331.0	4	1020	False
BGC0001331	3	mibig3	NRPS_1246_PKS-NRP_Hybrids_1247_PKSother_1247_mix_1246	BGC0001331.1	4	1020	False
BGC0001331	3	mibig3	NRPS_1246_PKS-NRP_Hybrids_1247_PKSother_1247_mix_1246	BGC0001331.2	4	1020	False
BGC0001331	3	mibig3	NRPS_1246_PKS-NRP_Hybrids_1247_PKSother_1247_mix_1246	BGC0001331.3	4	1020	False
BGC0001331	3	mibig3	NRPS_1246_PKS-NRP_Hybrids_1247_PKSother_1247_mix_1246	BGC0001331.4	4	1020	False
BGC0001331	3	mibig3	NRPS_1246_PKS-NRP_Hybrids_1247_PKSother_1247_mix_1246	BGC0001331.5	4	1020	False
BGC0001331	3	mibig3	NRPS_1246_PKS-NRP_Hybrids_1247_PKSother_1247_mix_1246	BGC0001331.6	4	1020	False
BGC0001332	3	mibig3	NRPS_1248_PKS-NRP_Hybrids_1248_PKSother_1248_mix_1248	BGC0001332.0	3	581	False
BGC0001341	4	mibig3	None	BGC0001341.0	12	1445	False
BGC0001342	1	mibig3	NRPS_1000_PKS-NRP_Hybrids_1258_PKSother_1258_mix_1258	BGC0001342.0	0	1818	False
BGC0001342	1	mibig3	NRPS_1000_PKS-NRP_Hybrids_1258_PKSother_1258_mix_1258	BGC0001342.1	0	1818	False
BGC0001344	4	mibig3	NRPS_1260_PKSother_1260_mix_1260	BGC0001344.0	4	1123	False
BGC0001344	4	mibig3	NRPS_1260_PKSother_1260_mix_1260	BGC0001344.1	4	1130	False
BGC0001344	4	mibig3	NRPS_1260_PKSother_1260_mix_1260	BGC0001344.2	4	1123	False
BGC0001344	4	mibig3	NRPS_1260_PKSother_1260_mix_1260	BGC0001344.3	4	962	False
BGC0001344	4	mibig3	NRPS_1260_PKSother_1260_mix_1260	BGC0001344.4	4	962	False
BGC0001344	4	mibig3	NRPS_1260_PKSother_1260_mix_1260	BGC0001344.5	4	962	False
BGC0001344	4	mibig3	NRPS_1260_PKSother_1260_mix_1260	BGC0001344.6	4	1123	False
BGC0001344	4	mibig3	NRPS_1260_PKSother_1260_mix_1260	BGC0001344.7	4	1119	False
BGC0001344	4	mibig3	NRPS_1260_PKSother_1260_mix_1260	BGC0001344.8	4	1115	True
BGC0001345	2	mibig3	NRPS_1261_mix_1261	BGC0001345.0	2	446	False
BGC0001345	2	mibig3	NRPS_1261_mix_1261	BGC0001345.1	2	446	False
BGC0001346	8	mibig3	NRPS_2364_mix_2364	BGC0001346.0	8	2767	True
BGC0001346	8	mibig3	NRPS_2364_mix_2364	BGC0001346.1	8	2767	True
BGC0001346	8	mibig3	NRPS_2364_mix_2364	BGC0001346.2	8	2767	True
BGC0001351	6	mibig3	NRPS_1266_mix_1266	BGC0001351.0	6	1464	False
BGC0001351	6	mibig3	NRPS_1266_mix_1266	BGC0001351.1	6	1466	False
BGC0001351	6	mibig3	NRPS_1266_mix_1266	BGC0001351.2	5	1467	False
BGC0001358	11	mibig3	PKSother_1269	BGC0001358.0	8	27	False
BGC0001358	11	mibig3	PKSother_1269	BGC0001358.1	8	27	False
BGC0001365	2	mibig3	NRPS_1274_mix_1274_Others_1274	BGC0001365.0	1	2865	False
BGC0001365	2	mibig3	NRPS_1274_mix_1274_Others_1274	BGC0001365.1	0	2866	False
BGC0001365	2	mibig3	NRPS_1274_mix_1274_Others_1274	BGC0001365.2	0	2866	False
BGC0001367	1	mibig3	NRPS_1277_PKS-NRP_Hybrids_1277_PKSother_1277_mix_1277	BGC0001367.0	1	2287	False
BGC0001368	5	mibig3	NRPS_1278	BGC0001368.0	0	1932	False
BGC0001370	11	mibig3	NRPS_1280_mix_1280	BGC0001370.0	10	5305	True
BGC0001370	11	mibig3	NRPS_1280_mix_1280	BGC0001370.1	10	5294	True
BGC0001371	7	mibig3	None	BGC0001371.0	3	1159	False
BGC0001393	5	mibig3	None	BGC0001393.0	7	986	False
BGC0001394	1	mibig3	NRPS_1302_PKS-NRP_Hybrids_1627_PKSother_1627_mix_1627	BGC0001394.0	1	339	False
BGC0001397	3	mibig3	mix_1486	BGC0001397.0	0	5102	False
BGC0001399	4	mibig3	mix_1307	BGC0001399.0	2	1042	False
BGC0001406	11	mibig3	NRPS_1313_mix_1313	BGC0001406.0	10	3650	True
BGC0001413	8	mibig3	mix_1320	BGC0001413.0	3	2031	False
BGC0001413	8	mibig3	mix_1320	BGC0001413.1	3	2031	False
BGC0001414	10	mibig3	NRPS_1321_mix_1321	BGC0001414.0	9	1510	True
BGC0001415	5	mibig3	PKS-NRP_Hybrids_1322_PKSother_1322_mix_1322	BGC0001415.0	3	116	False
BGC0001417	5	mibig3	NRPS_1327_PKS-NRP_Hybrids_1327_PKSother_1324_mix_1327	BGC0001417.0	5	311	True
BGC0001418	6	mibig3	NRPS_1327_PKS-NRP_Hybrids_1327_PKSother_1327_mix_1327	BGC0001418.0	5	311	False
BGC0001419	6	mibig3	NRPS_1327_PKS-NRP_Hybrids_1327_PKSother_1327_mix_1327	BGC0001419.0	5	311	False
BGC0001420	7	mibig3	NRPS_1327_PKS-NRP_Hybrids_1327_PKSother_1327_mix_1327	BGC0001420.0	5	311	False
BGC0001421	7	mibig3	NRPS_1331_PKS-NRP_Hybrids_1335_PKSother_1335_mix_1335	BGC0001421.0	7	167	True
BGC0001422	6	mibig3	NRPS_1331_PKS-NRP_Hybrids_1335_PKSother_1335_mix_1335	BGC0001422.0	6	3407	True
BGC0001423	5	mibig3	NRPS_1331_PKS-NRP_Hybrids_1335_PKSother_1335_mix_1335	BGC0001423.0	5	2739	False
BGC0001424	5	mibig3	NRPS_1331_PKS-NRP_Hybrids_1335_PKSother_1335_mix_1335	BGC0001424.0	5	2739	True
BGC0001425	6	mibig3	NRPS_1331_PKS-NRP_Hybrids_1335_PKSother_1335_mix_1335	BGC0001425.0	5	1066	False
BGC0001426	6	mibig3	NRPS_1331_PKS-NRP_Hybrids_1335_PKSother_1335_mix_1335	BGC0001426.0	5	1066	False
BGC0001427	6	mibig3	NRPS_1331_PKS-NRP_Hybrids_1335_PKSother_1335_mix_1335	BGC0001427.0	5	1066	False
BGC0001428	6	mibig3	NRPS_1331_PKS-NRP_Hybrids_1335_PKSother_1335_mix_1335	BGC0001428.0	5	1066	False
BGC0001429	6	mibig3	NRPS_1338_PKS-NRP_Hybrids_1338_PKSother_972_mix_1338	BGC0001429.0	5	716	False
BGC0001430	6	mibig3	NRPS_1338_PKS-NRP_Hybrids_1338_PKSother_1337_mix_1338	BGC0001430.0	5	716	False
BGC0001431	6	mibig3	NRPS_1338_PKS-NRP_Hybrids_1338_PKSother_972_mix_1338	BGC0001431.0	5	716	False
BGC0001432	6	mibig3	NRPS_1339_PKS-NRP_Hybrids_1339_PKSother_972_mix_1339	BGC0001432.0	5	311	False
BGC0001434	3	mibig3	mix_1341	BGC0001434.0	0	450	False
BGC0001435	1	mibig3	NRPS_1342_mix_1342	BGC0001435.0	0	2081	False
BGC0001437	2	mibig3	None	BGC0001437.0	2	2472	False
BGC0001442	2	mibig3	None	BGC0001442.0	1	3240	False
BGC0001445	1	mibig3	NRPS_1352_PKS-NRP_Hybrids_1352_PKSother_1352_mix_1352	BGC0001445.0	0	190	False
BGC0001448	10	mibig3	NRPS_1355_mix_1355	BGC0001448.0	10	3372	True
BGC0001448	10	mibig3	NRPS_1355_mix_1355	BGC0001448.1	10	3370	False
BGC0001449	1	mibig3	NRPS_1356_PKS-NRP_Hybrids_1356_PKSother_1356_mix_1356	BGC0001449.0	0	1082	False
BGC0001451	8	mibig3	NRPS_1357_mix_1357	BGC0001451.0	8	437	False
BGC0001455	2	mibig3	NRPS_908_PKSother_908_mix_908	BGC0001455.0	1	1647	False
BGC0001457	1	mibig3	NRPS_1363_PKSother_1363_mix_1363	BGC0001457.0	1	4705	False
BGC0001457	1	mibig3	NRPS_1363_PKSother_1363_mix_1363	BGC0001457.1	1	4705	False
BGC0001457	1	mibig3	NRPS_1363_PKSother_1363_mix_1363	BGC0001457.2	1	4706	False
BGC0001459	8	mibig3	NRPS_1822_PKS-NRP_Hybrids_1822_PKSother_1822_mix_1822	BGC0001459.0	10	2240	True
BGC0001460	8	mibig3	NRPS_1822_PKS-NRP_Hybrids_1822_PKSother_1822_mix_1822	BGC0001460.0	10	2240	False
BGC0001461	7	mibig3	NRPS_1822_PKS-NRP_Hybrids_1822_PKSother_1822_mix_1822	BGC0001461.0	11	2132	False
BGC0001462	7	mibig3	NRPS_1822_PKS-NRP_Hybrids_1822_PKSother_1822_mix_1822	BGC0001462.0	11	1836	True
BGC0001467	2	mibig3	NRPS_1373_PKS-NRP_Hybrids_1373_PKSother_1373_mix_1373	BGC0001467.0	2	5407	False
BGC0001467	2	mibig3	NRPS_1373_PKS-NRP_Hybrids_1373_PKSother_1373_mix_1373	BGC0001467.1	1	5408	False
BGC0001467	2	mibig3	NRPS_1373_PKS-NRP_Hybrids_1373_PKSother_1373_mix_1373	BGC0001467.2	2	5405	False
BGC0001467	2	mibig3	NRPS_1373_PKS-NRP_Hybrids_1373_PKSother_1373_mix_1373	BGC0001467.3	1	5406	False
BGC0001467	2	mibig3	NRPS_1373_PKS-NRP_Hybrids_1373_PKSother_1373_mix_1373	BGC0001467.4	2	5403	False
BGC0001467	2	mibig3	NRPS_1373_PKS-NRP_Hybrids_1373_PKSother_1373_mix_1373	BGC0001467.5	2	5404	False
BGC0001469	6	mibig3	None	BGC0001469.0	7	4925	False
BGC0001477	1	mibig3	NRPS_1383_PKS-NRP_Hybrids_1383_PKSother_1383_mix_1383	BGC0001477.0	0	1131	False
BGC0001502	4	mibig3	mix_1406	BGC0001502.0	6	3943	False
BGC0001517	2	mibig3	None	BGC0001517.0	4	4205	False
BGC0001519	7	mibig3	NRPS_1423_PKS-NRP_Hybrids_1423_PKSother_2537_mix_1423	BGC0001519.0	4	3497	False
BGC0001532	14	mibig3	NRPS_1435_mix_1435	BGC0001532.0	14	803	True
BGC0001545	2	mibig3	None	BGC0001545.0	1	2374	False
BGC0001553	1	mibig3	NRPS_2256_PKS-NRP_Hybrids_1454_PKSother_2256_mix_2256	BGC0001553.0	0	159	False
BGC0001560	3	mibig3	PKSother_1460_mix_1460	BGC0001560.0	2	5556	False
BGC0001561	2	mibig3	mix_1461	BGC0001561.0	5	1040	False
BGC0001562	3	mibig3	NRPS_1462_mix_1462_Others_1462	BGC0001562.0	5	1040	False
BGC0001563	1	mibig3	NRPS_2085_PKS-NRP_Hybrids_2085_PKSother_2085_mix_2085	BGC0001563.0	0	159	False
BGC0001565	11	mibig3	NRPS_313_PKSother_1465_mix_313	BGC0001565.0	11	786	True
BGC0001569	6	mibig3	NRPS_1697_mix_1697_Others_1697	BGC0001569.0	6	3109	True
BGC0001570	3	mibig3	NRPS_1471_mix_1471	BGC0001570.0	4	1434	False
BGC0001574	2	mibig3	NRPS_1475_mix_1475	BGC0001574.0	0	4088	False
BGC0001575	3	mibig3	NRPS_1477_mix_1477	BGC0001575.0	0	1131	False
BGC0001575	3	mibig3	NRPS_1477_mix_1477	BGC0001575.1	1	5135	False
BGC0001575	3	mibig3	NRPS_1477_mix_1477	BGC0001575.2	0	1131	False
BGC0001575	3	mibig3	NRPS_1477_mix_1477	BGC0001575.3	0	1131	False
BGC0001575	3	mibig3	NRPS_1477_mix_1477	BGC0001575.4	0	1131	False
BGC0001575	3	mibig3	NRPS_1477_mix_1477	BGC0001575.5	1	5135	False
BGC0001582	13	mibig3	NRPS_1484_mix_1484_Others_1484	BGC0001582.0	12	1906	False
BGC0001593	1	mibig3	None	BGC0001593.0	1	2501	False
BGC0001609	2	mibig3	None	BGC0001609.0	0	159	False
BGC0001620	7	mibig3	NRPS_1520_mix_1520_Others_1520	BGC0001620.0	6	810	False
BGC0001620	7	mibig3	NRPS_1520_mix_1520_Others_1520	BGC0001620.1	6	810	True
BGC0001620	7	mibig3	NRPS_1520_mix_1520_Others_1520	BGC0001620.2	5	5153	True
BGC0001620	7	mibig3	NRPS_1520_mix_1520_Others_1520	BGC0001620.3	5	5153	False
BGC0001620	7	mibig3	NRPS_1520_mix_1520_Others_1520	BGC0001620.5	5	5153	False
BGC0001621	2	mibig3	None	BGC0001621.0	1	4913	False
BGC0001621	2	mibig3	None	BGC0001621.1	1	4913	False
BGC0001621	2	mibig3	None	BGC0001621.2	1	4913	False
BGC0001621	2	mibig3	None	BGC0001621.3	1	4914	False
BGC0001621	2	mibig3	None	BGC0001621.4	1	4915	False
BGC0001621	2	mibig3	None	BGC0001621.5	1	4915	False
BGC0001628	7	mibig3	NRPS_1528_mix_1528	BGC0001628.0	8	2871	True
BGC0001628	7	mibig3	NRPS_1528_mix_1528	BGC0001628.1	8	2902	True
BGC0001629	19	mibig3	NRPS_1529_mix_417	BGC0001629.0	19	623	False
BGC0001630	5	mibig3	NRPS_1530_PKS-NRP_Hybrids_1530_PKSother_1530_mix_1530	BGC0001630.0	5	179	False
BGC0001631	5	mibig3	NRPS_1531_PKS-NRP_Hybrids_1531_PKSother_1531_mix_1531	BGC0001631.0	5	179	False
BGC0001635	6	mibig3	NRPS_1535_PKS-NRP_Hybrids_1535_PKSother_1535_mix_1535	BGC0001635.0	5	614	False
BGC0001636	10	mibig3	NRPS_1536_mix_1536	BGC0001636.0	9	4460	False
BGC0001652	2	mibig3	None	BGC0001652.0	0	155	False
BGC0001652	2	mibig3	None	BGC0001652.1	0	2254	False
BGC0001652	2	mibig3	None	BGC0001652.2	0	155	False
BGC0001652	2	mibig3	None	BGC0001652.3	1	433	False
BGC0001652	2	mibig3	None	BGC0001652.4	0	2250	False
BGC0001657	12	mibig3	NRPS_1557_mix_1557	BGC0001657.0	12	328	True
BGC0001667	6	mibig3	NRPS_1567_PKS-NRP_Hybrids_1567_PKSother_1567_mix_1567	BGC0001667.0	7	1156	False
BGC0001667	6	mibig3	NRPS_1567_PKS-NRP_Hybrids_1567_PKSother_1567_mix_1567	BGC0001667.1	7	1531	False
BGC0001667	6	mibig3	NRPS_1567_PKS-NRP_Hybrids_1567_PKSother_1567_mix_1567	BGC0001667.2	7	1147	True
BGC0001667	6	mibig3	NRPS_1567_PKS-NRP_Hybrids_1567_PKSother_1567_mix_1567	BGC0001667.3	7	1537	False
BGC0001667	6	mibig3	NRPS_1567_PKS-NRP_Hybrids_1567_PKSother_1567_mix_1567	BGC0001667.4	6	1533	True
BGC0001667	6	mibig3	NRPS_1567_PKS-NRP_Hybrids_1567_PKSother_1567_mix_1567	BGC0001667.6	7	1508	False
BGC0001671	2	mibig3	None	BGC0001671.0	1	4383	False
BGC0001672	6	mibig3	None	BGC0001672.0	1	4383	False
BGC0001679	1	mibig3	None	BGC0001679.0	1	2016	False
BGC0001692	4	mibig3	mix_1586	BGC0001692.0	0	450	False
BGC0001695	2	mibig3	NRPS_1795_PKSother_1589_mix_1795	BGC0001695.0	3	812	False
BGC0001702	1	mibig3	NRPS_1594_PKS-NRP_Hybrids_1594_PKSother_1594_mix_1594	BGC0001702.0	0	159	False
BGC0001705	4	mibig3	NRPS_1597_PKS-NRP_Hybrids_1567_PKSother_1567_mix_1567	BGC0001705.0	5	1999	False
BGC0001711	6	mibig3	NRPS_1602_PKSother_1602_mix_1602	BGC0001711.0	8	2072	False
BGC0001716	9	mibig3	NRPS_1606_mix_1606	BGC0001716.0	10	4972	True
BGC0001716	9	mibig3	NRPS_1606_mix_1606	BGC0001716.1	10	4973	False
BGC0001716	9	mibig3	NRPS_1606_mix_1606	BGC0001716.2	10	4969	False
BGC0001717	1	mibig3	None	BGC0001717.0	0	211	False
BGC0001718	1	mibig3	None	BGC0001718.0	0	211	False
BGC0001726	1	mibig3	NRPS_1616_PKS-NRP_Hybrids_1616_PKSother_1617_mix_1616	BGC0001726.0	0	159	False
BGC0001726	1	mibig3	NRPS_1616_PKS-NRP_Hybrids_1616_PKSother_1617_mix_1616	BGC0001726.1	0	159	False
BGC0001726	1	mibig3	NRPS_1616_PKS-NRP_Hybrids_1616_PKSother_1617_mix_1616	BGC0001726.2	0	159	False
BGC0001726	1	mibig3	NRPS_1616_PKS-NRP_Hybrids_1616_PKSother_1617_mix_1616	BGC0001726.3	0	159	False
BGC0001726	1	mibig3	NRPS_1616_PKS-NRP_Hybrids_1616_PKSother_1617_mix_1616	BGC0001726.4	0	159	False
BGC0001726	1	mibig3	NRPS_1616_PKS-NRP_Hybrids_1616_PKSother_1617_mix_1616	BGC0001726.5	0	159	False
BGC0001737	1	mibig3	NRPS_1302_PKS-NRP_Hybrids_1627_PKSother_1627_mix_1627	BGC0001737.0	1	339	False
BGC0001738	1	mibig3	NRPS_1628_PKS-NRP_Hybrids_1628_PKSother_1628_mix_1628	BGC0001738.0	0	159	False
BGC0001738	1	mibig3	NRPS_1628_PKS-NRP_Hybrids_1628_PKSother_1628_mix_1628	BGC0001738.1	1	1784	False
BGC0001738	1	mibig3	NRPS_1628_PKS-NRP_Hybrids_1628_PKSother_1628_mix_1628	BGC0001738.2	1	1784	False
BGC0001740	5	mibig3	NRPS_1630_PKS-NRP_Hybrids_1630_PKSother_1630_mix_1630	BGC0001740.0	0	159	False
BGC0001741	1	mibig3	NRPS_1631_PKS-NRP_Hybrids_1631_PKSother_1631_mix_1631	BGC0001741.0	0	159	False
BGC0001741	1	mibig3	NRPS_1631_PKS-NRP_Hybrids_1631_PKSother_1631_mix_1631	BGC0001741.1	0	159	False
BGC0001750	2	mibig3	NRPS_1639_PKSother_1639_mix_1639	BGC0001750.0	0	499	False
BGC0001751	1	mibig3	NRPS_1640_PKS-NRP_Hybrids_1640_PKSother_1640_mix_1640	BGC0001751.0	0	159	False
BGC0001751	1	mibig3	NRPS_1640_PKS-NRP_Hybrids_1640_PKSother_1640_mix_1640	BGC0001751.1	0	159	False
BGC0001763	7	mibig3	NRPS_1520_mix_1520_Others_1520	BGC0001763.0	6	810	False
BGC0001767	4	mibig3	NRPS_2288_mix_2288	BGC0001767.0	4	4663	False
BGC0001767	4	mibig3	NRPS_2288_mix_2288	BGC0001767.1	4	4665	False
BGC0001767	4	mibig3	NRPS_2288_mix_2288	BGC0001767.2	4	4709	False
BGC0001768	5	mibig3	mix_1655	BGC0001768.0	5	4715	False
BGC0001780	4	mibig3	NRPS_1667_PKS-NRP_Hybrids_1667_PKSother_1667_mix_1667	BGC0001780.0	1	3899	False
BGC0001790	3	mibig3	None	BGC0001790.0	2	4661	False
BGC0001792	18	mibig3	NRPS_1679	BGC0001792.0	8	4188	False
BGC0001792	18	mibig3	NRPS_1679	BGC0001792.1	8	4191	False
BGC0001796	5	mibig3	None	BGC0001796.0	5	2974	True
BGC0001800	6	mibig3	NRPS_1686_mix_1686	BGC0001800.0	12	2716	False
BGC0001801	4	mibig3	mix_1687	BGC0001801.1	1	4493	False
BGC0001801	4	mibig3	mix_1687	BGC0001801.2	1	4493	False
BGC0001806	18	mibig3	NRPS_403_mix_403	BGC0001806.0	19	2489	False
BGC0001807	6	mibig3	NRPS_1690_PKSother_1690_mix_1690	BGC0001807.0	5	1353	False
BGC0001807	6	mibig3	NRPS_1690_PKSother_1690_mix_1690	BGC0001807.1	5	2632	False
BGC0001816	5	mibig3	None	BGC0001816.0	2	4060	False
BGC0001818	2	mibig3	None	BGC0001818.0	1	2065	False
BGC0001820	2	mibig3	None	BGC0001820.0	2	884	False
BGC0001822	8	mibig3	NRPS_1703_mix_1703	BGC0001822.0	7	428	False
BGC0001822	8	mibig3	NRPS_1703_mix_1703	BGC0001822.1	8	421	True
BGC0001822	8	mibig3	NRPS_1703_mix_1703	BGC0001822.2	7	418	True
BGC0001822	8	mibig3	NRPS_1703_mix_1703	BGC0001822.3	8	424	True
BGC0001825	4	mibig3	NRPS_1706_mix_1706	BGC0001825.0	5	5047	False
BGC0001833	4	mibig3	NRPS_1713_mix_1713	BGC0001833.0	4	1272	True
BGC0001833	4	mibig3	NRPS_1713_mix_1713	BGC0001833.1	4	1272	True
BGC0001840	3	mibig3	NRPS_1720_mix_1720	BGC0001840.0	3	3380	False
BGC0001841	3	mibig3	NRPS_1722_mix_1722	BGC0001841.0	3	3210	False
BGC0001841	3	mibig3	NRPS_1722_mix_1722	BGC0001841.1	3	3211	False
BGC0001841	3	mibig3	NRPS_1722_mix_1722	BGC0001841.2	3	3209	False
BGC0001842	11	mibig3	NRPS_285_mix_285	BGC0001842.0	11	2082	True
BGC0001844	6	mibig3	NRPS_1726_mix_1726	BGC0001844.0	6	1176	False
BGC0001844	6	mibig3	NRPS_1726_mix_1726	BGC0001844.1	6	2076	False
BGC0001844	6	mibig3	NRPS_1726_mix_1726	BGC0001844.2	6	2078	False
BGC0001844	6	mibig3	NRPS_1726_mix_1726	BGC0001844.3	5	2074	False
BGC0001845	1	mibig3	NRPS_1728_PKSother_1728_mix_1728	BGC0001845.0	1	1869	False
BGC0001846	2	mibig3	None	BGC0001846.0	12	1445	False
BGC0001846	2	mibig3	None	BGC0001846.1	8	1442	False
BGC0001853	4	mibig3	NRPS_1736_PKS-NRP_Hybrids_1736_PKSother_1736_mix_1736	BGC0001853.0	2	3448	False
BGC0001853	4	mibig3	NRPS_1736_PKS-NRP_Hybrids_1736_PKSother_1736_mix_1736	BGC0001853.1	1	3446	False
BGC0001853	4	mibig3	NRPS_1736_PKS-NRP_Hybrids_1736_PKSother_1736_mix_1736	BGC0001853.2	0	3447	False
BGC0001857	1	mibig3	NRPS_1740_PKS-NRP_Hybrids_1740_PKSother_1740_mix_1740	BGC0001857.0	1	2139	False
BGC0001873	2	mibig3	NRPS_1755_mix_1755	BGC0001873.0	0	2897	False
BGC0001874	1	mibig3	NRPS_927_PKSI_1756_mix_1756_Others_927	BGC0001874.0	0	159	False
BGC0001878	3	mibig3	NRPS_1761_mix_1761	BGC0001878.0	3	3782	False
BGC0001878	3	mibig3	NRPS_1761_mix_1761	BGC0001878.1	2	3780	False
BGC0001881	1	mibig3	NRPS_1765_PKS-NRP_Hybrids_1765_PKSother_1765_mix_1765	BGC0001881.0	0	159	False
BGC0001890	3	mibig3	NRPS_1773_mix_1773	BGC0001890.0	7	2885	False
BGC0001890	3	mibig3	NRPS_1773_mix_1773	BGC0001890.1	7	2885	False
BGC0001890	3	mibig3	NRPS_1773_mix_1773	BGC0001890.2	7	2885	False
BGC0001890	3	mibig3	NRPS_1773_mix_1773	BGC0001890.3	7	2885	False
BGC0001902	1	mibig3	PKSother_1783_mix_1783	BGC0001902.0	0	155	False
BGC0001919	2	mibig3	NRPS_1795_PKSother_1795_mix_1795	BGC0001919.0	3	812	False
BGC0001942	5	mibig3	None	BGC0001942.0	1	356	False
BGC0001952	9	mibig3	NRPS_1819_PKS-NRP_Hybrids_1819_PKSother_1820_mix_1820	BGC0001952.0	9	1340	False
BGC0001952	9	mibig3	NRPS_1819_PKS-NRP_Hybrids_1819_PKSother_1820_mix_1820	BGC0001952.1	9	1339	False
BGC0001953	8	mibig3	NRPS_1819_PKS-NRP_Hybrids_1819_PKSother_1820_mix_1820	BGC0001953.0	9	1339	False
BGC0001953	8	mibig3	NRPS_1819_PKS-NRP_Hybrids_1819_PKSother_1820_mix_1820	BGC0001953.1	9	1340	True
BGC0001953	8	mibig3	NRPS_1819_PKS-NRP_Hybrids_1819_PKSother_1820_mix_1820	BGC0001953.2	9	1339	False
BGC0001955	8	mibig3	NRPS_1822_PKS-NRP_Hybrids_1822_PKSother_1822_mix_1822	BGC0001955.0	11	400	True
BGC0001955	8	mibig3	NRPS_1822_PKS-NRP_Hybrids_1822_PKSother_1822_mix_1822	BGC0001955.1	10	401	True
BGC0001955	8	mibig3	NRPS_1822_PKS-NRP_Hybrids_1822_PKSother_1822_mix_1822	BGC0001955.2	10	402	False
BGC0001955	8	mibig3	NRPS_1822_PKS-NRP_Hybrids_1822_PKSother_1822_mix_1822	BGC0001955.3	10	403	False
BGC0001966	8	mibig3	NRPS_1832_PKS-NRP_Hybrids_1832_PKSother_1832_mix_1832	BGC0001966.0	8	1422	False
BGC0001970	1	mibig3	NRPS_1836_PKS-NRP_Hybrids_1836_PKSother_1836_mix_1836	BGC0001970.0	0	155	False
BGC0001971	1	mibig3	NRPS_1836_PKS-NRP_Hybrids_1836_PKSother_1836_mix_1836	BGC0001971.0	0	155	False
BGC0001980	11	mibig3	NRPS_285_mix_285	BGC0001980.0	11	2863	True
BGC0001999	6	mibig3	NRPS_1860_mix_1860	BGC0001999.0	6	3466	False
BGC0002014	5	mibig3	NRPS_1874_mix_1874_Others_1874	BGC0002014.0	2	4462	False
BGC0002017	3	mibig3	NRPS_1877_mix_1877	BGC0002017.0	7	5159	False
BGC0002035	1	mibig3	NRPS_1892_PKS-NRP_Hybrids_1892_PKSother_1892_mix_1892	BGC0002035.0	0	190	False
BGC0002035	1	mibig3	NRPS_1892_PKS-NRP_Hybrids_1892_PKSother_1892_mix_1892	BGC0002035.1	0	190	False
BGC0002035	1	mibig3	NRPS_1892_PKS-NRP_Hybrids_1892_PKSother_1892_mix_1892	BGC0002035.2	0	190	False
BGC0002037	2	mibig3	NRPS_1894_mix_1894	BGC0002037.0	0	155	False
BGC0002037	2	mibig3	NRPS_1894_mix_1894	BGC0002037.1	0	155	False
BGC0002044	8	mibig3	NRPS_1900_mix_1900	BGC0002044.0	8	1413	True
BGC0002046	2	mibig3	NRPS_1902_PKS-NRP_Hybrids_1902_PKSother_1902_mix_1902	BGC0002046.0	0	2173	False
BGC0002048	9	mibig3	NRPS_1904_mix_1904	BGC0002048.0	7	2835	True
BGC0002048	9	mibig3	NRPS_1904_mix_1904	BGC0002048.1	8	2836	True
BGC0002050	3	mibig3	NRPS_1906_PKS-NRP_Hybrids_1906_PKSother_1906_mix_1906	BGC0002050.0	1	4687	False
BGC0002050	3	mibig3	NRPS_1906_PKS-NRP_Hybrids_1906_PKSother_1906_mix_1906	BGC0002050.1	1	4687	False
BGC0002050	3	mibig3	NRPS_1906_PKS-NRP_Hybrids_1906_PKSother_1906_mix_1906	BGC0002050.2	0	155	False
BGC0002050	3	mibig3	NRPS_1906_PKS-NRP_Hybrids_1906_PKSother_1906_mix_1906	BGC0002050.3	0	155	False
BGC0002051	3	mibig3	NRPS_1471_mix_1471	BGC0002051.0	4	4347	False
BGC0002055	2	mibig3	NRPS_1911_PKS-NRP_Hybrids_1911_PKSother_1911_mix_1911	BGC0002055.0	0	155	False
BGC0002058	1	mibig3	None	BGC0002058.0	0	159	False
BGC0002059	1	mibig3	NRPS_1914_PKSother_1914_mix_1914	BGC0002059.0	0	1933	False
BGC0002059	1	mibig3	NRPS_1914_PKSother_1914_mix_1914	BGC0002059.1	0	1933	False
BGC0002066	1	mibig3	NRPS_1920_PKS-NRP_Hybrids_1920_PKSother_1920_mix_1920	BGC0002066.0	0	159	False
BGC0002067	1	mibig3	NRPS_1921_PKS-NRP_Hybrids_1921_PKSother_1921_mix_1921	BGC0002067.0	0	159	False
BGC0002068	2	mibig3	NRPS_1922_PKSother_1922_mix_1922	BGC0002068.0	0	155	False
BGC0002071	8	mibig3	NRPS_1925_mix_1925	BGC0002071.0	8	3057	True
BGC0002071	8	mibig3	NRPS_1925_mix_1925	BGC0002071.1	8	3055	True
BGC0002071	8	mibig3	NRPS_1925_mix_1925	BGC0002071.2	8	3057	True
BGC0002071	8	mibig3	NRPS_1925_mix_1925	BGC0002071.3	8	3055	True
BGC0002075	1	mibig3	mix_1929	BGC0002075.0	0	159	False
BGC0002075	1	mibig3	mix_1929	BGC0002075.1	0	159	False
BGC0002075	1	mibig3	mix_1929	BGC0002075.2	0	159	False
BGC0002075	1	mibig3	mix_1929	BGC0002075.3	0	159	False
BGC0002075	1	mibig3	mix_1929	BGC0002075.4	0	159	False
BGC0002078	12	mibig3	NRPS_1931_mix_1931_Others_1931	BGC0002078.0	9	4752	False
BGC0002079	12	mibig3	NRPS_1931_mix_1931_Others_1931	BGC0002079.0	9	4752	False
BGC0002082	1	mibig3	NRPS_1935_PKS-NRP_Hybrids_1935_PKSother_1935_mix_1935	BGC0002082.0	0	159	False
BGC0002082	1	mibig3	NRPS_1935_PKS-NRP_Hybrids_1935_PKSother_1935_mix_1935	BGC0002082.1	0	2401	False
BGC0002082	1	mibig3	NRPS_1935_PKS-NRP_Hybrids_1935_PKSother_1935_mix_1935	BGC0002082.2	0	1082	False
BGC0002089	2	mibig3	None	BGC0002089.1	0	211	False
BGC0002089	2	mibig3	None	BGC0002089.2	1	4646	False
BGC0002089	2	mibig3	None	BGC0002089.3	0	211	False
BGC0002091	1	mibig3	NRPS_1944_mix_1944	BGC0002091.0	0	441	False
BGC0002092	11	mibig3	NRPS_285_mix_285	BGC0002092.0	11	276	True
BGC0002092	11	mibig3	NRPS_285_mix_285	BGC0002092.1	11	1292	False
BGC0002092	11	mibig3	NRPS_285_mix_285	BGC0002092.2	11	1294	True
BGC0002092	11	mibig3	NRPS_285_mix_285	BGC0002092.3	11	276	True
BGC0002092	11	mibig3	NRPS_285_mix_285	BGC0002092.4	11	1297	True
BGC0002092	11	mibig3	NRPS_285_mix_285	BGC0002092.5	11	276	True
BGC0002093	1	mibig3	NRPS_1946_PKS-NRP_Hybrids_1946_PKSother_1946_mix_1946	BGC0002093.0	0	190	False
BGC0002095	4	mibig3	NRPS_1947_mix_1947	BGC0002095.0	3	1646	False
BGC0002095	4	mibig3	NRPS_1947_mix_1947	BGC0002095.1	3	2403	False
BGC0002107	6	mibig3	PKSother_1959	BGC0002107.0	7	3148	True
BGC0002107	6	mibig3	PKSother_1959	BGC0002107.1	7	3151	False
BGC0002108	10	mibig3	NRPS_1960_mix_1960_Others_1960	BGC0002108.0	8	3265	False
BGC0002109	10	mibig3	NRPS_1961_mix_1961_Others_1961	BGC0002109.0	11	3680	True
BGC0002109	10	mibig3	NRPS_1961_mix_1961_Others_1961	BGC0002109.1	11	3681	True
BGC0002109	10	mibig3	NRPS_1961_mix_1961_Others_1961	BGC0002109.2	9	3677	True
BGC0002109	10	mibig3	NRPS_1961_mix_1961_Others_1961	BGC0002109.3	9	3679	True
BGC0002109	10	mibig3	NRPS_1961_mix_1961_Others_1961	BGC0002109.4	9	3685	True
BGC0002109	10	mibig3	NRPS_1961_mix_1961_Others_1961	BGC0002109.5	9	3686	True
BGC0002114	4	mibig3	PKSother_1964_mix_1964	BGC0002114.0	1	992	False
BGC0002114	4	mibig3	PKSother_1964_mix_1964	BGC0002114.1	1	992	False
BGC0002114	4	mibig3	PKSother_1964_mix_1964	BGC0002114.2	1	1000	False
BGC0002114	4	mibig3	PKSother_1964_mix_1964	BGC0002114.3	1	992	False
BGC0002114	4	mibig3	PKSother_1964_mix_1964	BGC0002114.4	1	992	False
BGC0002114	4	mibig3	PKSother_1964_mix_1964	BGC0002114.5	1	992	False
BGC0002114	4	mibig3	PKSother_1964_mix_1964	BGC0002114.6	1	992	False
BGC0002117	9	mibig3	NRPS_1967_mix_1967	BGC0002117.0	9	2049	False
BGC0002117	9	mibig3	NRPS_1967_mix_1967	BGC0002117.1	9	2049	True
BGC0002117	9	mibig3	NRPS_1967_mix_1967	BGC0002117.2	9	2049	False
BGC0002117	9	mibig3	NRPS_1967_mix_1967	BGC0002117.3	9	2049	False
BGC0002118	1	mibig3	NRPS_1968_PKS-NRP_Hybrids_1968_PKSother_1968_mix_1968	BGC0002118.0	0	155	False
BGC0002118	1	mibig3	NRPS_1968_PKS-NRP_Hybrids_1968_PKSother_1968_mix_1968	BGC0002118.1	0	155	False
BGC0002118	1	mibig3	NRPS_1968_PKS-NRP_Hybrids_1968_PKSother_1968_mix_1968	BGC0002118.2	0	155	False
BGC0002118	1	mibig3	NRPS_1968_PKS-NRP_Hybrids_1968_PKSother_1968_mix_1968	BGC0002118.3	0	155	False
BGC0002118	1	mibig3	NRPS_1968_PKS-NRP_Hybrids_1968_PKSother_1968_mix_1968	BGC0002118.4	0	155	False
BGC0002119	1	mibig3	NRPS_1968_PKS-NRP_Hybrids_1968_PKSother_1968_mix_1968	BGC0002119.0	0	155	False
BGC0002119	1	mibig3	NRPS_1968_PKS-NRP_Hybrids_1968_PKSother_1968_mix_1968	BGC0002119.1	0	155	False
BGC0002123	9	mibig3	NRPS_1972_mix_1972	BGC0002123.0	7	3712	True
BGC0002123	9	mibig3	NRPS_1972_mix_1972	BGC0002123.1	9	3714	True
BGC0002123	9	mibig3	NRPS_1972_mix_1972	BGC0002123.10	8	3149	True
BGC0002123	9	mibig3	NRPS_1972_mix_1972	BGC0002123.11	8	3147	True
BGC0002123	9	mibig3	NRPS_1972_mix_1972	BGC0002123.2	6	3707	True
BGC0002123	9	mibig3	NRPS_1972_mix_1972	BGC0002123.3	7	3704	True
BGC0002123	9	mibig3	NRPS_1972_mix_1972	BGC0002123.4	6	3711	False
BGC0002123	9	mibig3	NRPS_1972_mix_1972	BGC0002123.5	9	3710	True
BGC0002123	9	mibig3	NRPS_1972_mix_1972	BGC0002123.6	6	3713	False
BGC0002123	9	mibig3	NRPS_1972_mix_1972	BGC0002123.7	7	3706	False
BGC0002123	9	mibig3	NRPS_1972_mix_1972	BGC0002123.8	9	3709	True
BGC0002123	9	mibig3	NRPS_1972_mix_1972	BGC0002123.9	9	3708	True
BGC0002125	8	mibig3	NRPS_1974_mix_1974	BGC0002125.0	8	437	False
BGC0002126	8	mibig3	NRPS_1975_mix_1975	BGC0002126.0	8	287	False
BGC0002131	1	mibig3	NRPS_1980_PKSother_1980_mix_1980	BGC0002131.0	2	3559	False
BGC0002135	3	mibig3	NRPS_1984_mix_1984	BGC0002135.0	2	4739	False
BGC0002136	1	mibig4	None	BGC0002136.0	0	1082	False
BGC0002136	1	mibig4	None	BGC0002136.1	0	1082	False
BGC0002136	1	mibig4	None	BGC0002136.2	0	159	False
BGC0002136	1	mibig4	None	BGC0002136.3	0	1082	False
BGC0002149	1	mibig3	None	BGC0002149.0	1	5001	False
BGC0002149	1	mibig3	None	BGC0002149.1	1	5002	False
BGC0002149	1	mibig3	None	BGC0002149.2	0	159	False
BGC0002157	2	mibig3	mix_2003	BGC0002157.0	2	988	False
BGC0002158	1	mibig3	None	BGC0002158.0	0	159	False
BGC0002164	2	mibig3	mix_2009	BGC0002164.0	0	1131	False
BGC0002169	1	mibig3	NRPS_2014_PKS-NRP_Hybrids_2014_PKSother_2014_mix_2014	BGC0002169.0	0	1082	False
BGC0002172	9	mibig3	None	BGC0002172.2	7	5121	True
BGC0002178	5	mibig3	None	BGC0002178.0	5	1705	False
BGC0002178	5	mibig3	None	BGC0002178.1	5	1704	False
BGC0002186	3	mibig3	PKS-NRP_Hybrids_2027_PKSother_2027_mix_2027	BGC0002186.0	2	1038	False
BGC0002188	7	mibig3	NRPS_2029_PKS-NRP_Hybrids_2029_PKSother_2029_mix_2029	BGC0002188.0	6	265	True
BGC0002188	7	mibig3	NRPS_2029_PKS-NRP_Hybrids_2029_PKSother_2029_mix_2029	BGC0002188.1	6	384	True
BGC0002197	1	mibig3	NRPS_2037_PKS-NRP_Hybrids_2037_PKSother_2037_mix_2037	BGC0002197.0	0	159	False
BGC0002198	2	mibig3	None	BGC0002198.0	0	155	False
BGC0002198	2	mibig3	None	BGC0002198.1	0	155	False
BGC0002203	4	mibig3	NRPS_2040_PKS-NRP_Hybrids_2092_PKSother_2092_mix_2092	BGC0002203.0	3	3284	False
BGC0002203	4	mibig3	NRPS_2040_PKS-NRP_Hybrids_2092_PKSother_2092_mix_2092	BGC0002203.1	3	3733	False
BGC0002203	4	mibig3	NRPS_2040_PKS-NRP_Hybrids_2092_PKSother_2092_mix_2092	BGC0002203.2	3	3354	False
BGC0002204	1	mibig3	NRPS_2042_PKS-NRP_Hybrids_2042_PKSother_2042_mix_2042	BGC0002204.0	0	159	False
BGC0002204	1	mibig3	NRPS_2042_PKS-NRP_Hybrids_2042_PKSother_2042_mix_2042	BGC0002204.1	0	159	False
BGC0002204	1	mibig3	NRPS_2042_PKS-NRP_Hybrids_2042_PKSother_2042_mix_2042	BGC0002204.2	0	159	False
BGC0002204	1	mibig3	NRPS_2042_PKS-NRP_Hybrids_2042_PKSother_2042_mix_2042	BGC0002204.3	0	159	False
BGC0002204	1	mibig3	NRPS_2042_PKS-NRP_Hybrids_2042_PKSother_2042_mix_2042	BGC0002204.4	0	1082	False
BGC0002204	1	mibig3	NRPS_2042_PKS-NRP_Hybrids_2042_PKSother_2042_mix_2042	BGC0002204.5	0	159	False
BGC0002204	1	mibig3	NRPS_2042_PKS-NRP_Hybrids_2042_PKSother_2042_mix_2042	BGC0002204.6	0	159	False
BGC0002205	1	mibig3	NRPS_2043_PKS-NRP_Hybrids_2043_PKSother_2043_mix_2043	BGC0002205.0	1	4454	False
BGC0002205	1	mibig3	NRPS_2043_PKS-NRP_Hybrids_2043_PKSother_2043_mix_2043	BGC0002205.1	0	4455	False
BGC0002208	3	mibig3	mix_2046	BGC0002208.0	1	5130	False
BGC0002210	1	mibig3	NRPS_2048_PKS-NRP_Hybrids_2048_PKSother_2048_mix_2048	BGC0002210.0	0	159	False
BGC0002226	2	mibig3	None	BGC0002226.0	1	2756	False
BGC0002226	2	mibig3	None	BGC0002226.1	0	159	False
BGC0002230	1	mibig3	NRPS_2068_PKS-NRP_Hybrids_2068_PKSother_2068_mix_2068	BGC0002230.0	0	190	False
BGC0002235	1	mibig3	NRPS_2074_PKS-NRP_Hybrids_2074_PKSother_2074_mix_2074	BGC0002235.0	0	159	False
BGC0002235	1	mibig3	NRPS_2074_PKS-NRP_Hybrids_2074_PKSother_2074_mix_2074	BGC0002235.1	0	159	False
BGC0002235	1	mibig3	NRPS_2074_PKS-NRP_Hybrids_2074_PKSother_2074_mix_2074	BGC0002235.2	0	1345	False
BGC0002239	1	mibig3	NRPS_2078_PKS-NRP_Hybrids_2078_PKSother_2078_mix_2078	BGC0002239.1	0	2804	False
BGC0002239	1	mibig3	NRPS_2078_PKS-NRP_Hybrids_2078_PKSother_2078_mix_2078	BGC0002239.2	0	2804	False
BGC0002242	3	mibig3	mix_2080	BGC0002242.0	1	4839	False
BGC0002248	1	mibig3	None	BGC0002248.0	0	1178	False
BGC0002250	1	mibig3	NRPS_2085_PKS-NRP_Hybrids_2085_PKSother_2085_mix_2085	BGC0002250.2	0	159	False
BGC0002250	1	mibig3	NRPS_2085_PKS-NRP_Hybrids_2085_PKSother_2085_mix_2085	BGC0002250.3	0	159	False
BGC0002250	1	mibig3	NRPS_2085_PKS-NRP_Hybrids_2085_PKSother_2085_mix_2085	BGC0002250.4	0	159	False
BGC0002250	1	mibig3	NRPS_2085_PKS-NRP_Hybrids_2085_PKSother_2085_mix_2085	BGC0002250.5	0	159	False
BGC0002256	2	mibig3	None	BGC0002256.0	0	159	False
BGC0002256	2	mibig3	None	BGC0002256.1	0	159	False
BGC0002256	2	mibig3	None	BGC0002256.2	0	441	False
BGC0002256	2	mibig3	None	BGC0002256.3	0	159	False
BGC0002259	4	mibig3	NRPS_2092_PKS-NRP_Hybrids_2092_PKSother_2092_mix_2092	BGC0002259.0	3	52	True
BGC0002259	4	mibig3	NRPS_2092_PKS-NRP_Hybrids_2092_PKSother_2092_mix_2092	BGC0002259.1	3	48	True
BGC0002264	2	mibig3	None	BGC0002264.0	0	3522	False
BGC0002264	2	mibig3	None	BGC0002264.1	0	3521	False
BGC0002264	2	mibig3	None	BGC0002264.2	0	3521	False
BGC0002264	2	mibig3	None	BGC0002264.3	0	1131	False
BGC0002264	2	mibig3	None	BGC0002264.4	0	3141	False
BGC0002264	2	mibig3	None	BGC0002264.5	0	3520	False
BGC0002268	1	mibig3	NRPS_2099_PKS-NRP_Hybrids_2099_PKSother_2099_mix_2099	BGC0002268.0	0	190	False
BGC0002268	1	mibig3	NRPS_2099_PKS-NRP_Hybrids_2099_PKSother_2099_mix_2099	BGC0002268.1	0	190	False
BGC0002268	1	mibig3	NRPS_2099_PKS-NRP_Hybrids_2099_PKSother_2099_mix_2099	BGC0002268.2	0	190	False
BGC0002268	1	mibig3	NRPS_2099_PKS-NRP_Hybrids_2099_PKSother_2099_mix_2099	BGC0002268.3	0	190	False
BGC0002268	1	mibig3	NRPS_2099_PKS-NRP_Hybrids_2099_PKSother_2099_mix_2099	BGC0002268.4	0	190	False
BGC0002272	2	mibig3	mix_2102	BGC0002272.0	0	1953	False
BGC0002272	2	mibig3	mix_2102	BGC0002272.1	0	1953	False
BGC0002273	2	mibig3	None	BGC0002273.1	0	159	False
BGC0002286	5	mibig3	NRPS_2113_mix_2523	BGC0002286.0	5	2107	True
BGC0002286	5	mibig3	NRPS_2113_mix_2523	BGC0002286.1	5	2108	True
BGC0002287	1	mibig3	None	BGC0002287.0	0	159	False
BGC0002287	1	mibig3	None	BGC0002287.1	0	211	False
BGC0002287	1	mibig3	None	BGC0002287.2	0	211	False
BGC0002288	5	mibig3	None	BGC0002288.0	3	1562	False
BGC0002288	5	mibig3	None	BGC0002288.1	2	1568	False
BGC0002293	12	mibig3	NRPS_2119_mix_2119	BGC0002293.0	11	3728	True
BGC0002293	12	mibig3	NRPS_2119_mix_2119	BGC0002293.1	11	1608	True
BGC0002296	4	mibig3	NRPS_2122_PKS-NRP_Hybrids_2122_PKSother_2122_mix_2122	BGC0002296.0	0	155	False
BGC0002296	4	mibig3	NRPS_2122_PKS-NRP_Hybrids_2122_PKSother_2122_mix_2122	BGC0002296.1	0	155	False
BGC0002296	4	mibig3	NRPS_2122_PKS-NRP_Hybrids_2122_PKSother_2122_mix_2122	BGC0002296.2	0	155	False
BGC0002296	4	mibig3	NRPS_2122_PKS-NRP_Hybrids_2122_PKSother_2122_mix_2122	BGC0002296.3	0	155	False
BGC0002296	4	mibig3	NRPS_2122_PKS-NRP_Hybrids_2122_PKSother_2122_mix_2122	BGC0002296.4	1	1168	False
BGC0002296	4	mibig3	NRPS_2122_PKS-NRP_Hybrids_2122_PKSother_2122_mix_2122	BGC0002296.5	1	1168	False
BGC0002300	1	mibig3	NRPS_2125_mix_2125	BGC0002300.1	4	4681	False
BGC0002304	1	mibig3	NRPS_2130_PKS-NRP_Hybrids_2130_PKSother_2130_mix_2130	BGC0002304.0	0	159	False
BGC0002314	10	mibig3	NRPS_2139_PKS-NRP_Hybrids_2139_PKSother_2139_mix_2139	BGC0002314.0	7	4940	False
BGC0002324	2	mibig3	NRPS_2313_mix_2313	BGC0002324.0	2	446	False
BGC0002324	2	mibig3	NRPS_2313_mix_2313	BGC0002324.1	0	4088	False
BGC0002324	2	mibig3	NRPS_2313_mix_2313	BGC0002324.2	0	155	False
BGC0002324	2	mibig3	NRPS_2313_mix_2313	BGC0002324.5	2	446	False
BGC0002326	9	mibig3	NRPS_1904_mix_1904	BGC0002326.2	8	2836	True
BGC0002327	6	mibig3	NRPS_2160_mix_2160	BGC0002327.0	4	3383	True
BGC0002327	6	mibig3	NRPS_2160_mix_2160	BGC0002327.1	4	3385	True
BGC0002329	6	mibig3	NRPS_2154_mix_1860	BGC0002329.0	6	3735	True
BGC0002336	6	mibig3	NRPS_2160_mix_2160	BGC0002336.0	4	3383	False
BGC0002336	6	mibig3	NRPS_2160_mix_2160	BGC0002336.1	4	3385	False
BGC0002340	1	mibig3	NRPS_2165_mix_2165	BGC0002340.0	0	441	False
BGC0002340	1	mibig3	NRPS_2165_mix_2165	BGC0002340.2	0	441	False
BGC0002340	1	mibig3	NRPS_2165_mix_2165	BGC0002340.3	0	441	False
BGC0002344	7	mibig3	NRPS_2169_PKS-NRP_Hybrids_2169_PKSother_2169_mix_2169	BGC0002344.0	7	2088	False
BGC0002344	7	mibig3	NRPS_2169_PKS-NRP_Hybrids_2169_PKSother_2169_mix_2169	BGC0002344.1	7	2089	True
BGC0002350	12	mibig3	NRPS_913_PKSother_913	BGC0002350.0	8	419	False
BGC0002350	12	mibig3	NRPS_913_PKSother_913	BGC0002350.1	8	419	False
BGC0002351	8	mibig3	NRPS_2176_mix_2176	BGC0002351.0	8	5369	True
BGC0002359	1	mibig3	None	BGC0002359.0	1	2785	False
BGC0002360	9	mibig3	NRPS_2185_mix_2185	BGC0002360.0	6	4416	False
BGC0002360	9	mibig3	NRPS_2185_mix_2185	BGC0002360.1	7	4427	True
BGC0002360	9	mibig3	NRPS_2185_mix_2185	BGC0002360.2	7	4425	True
BGC0002367	5	mibig3	NRPS_2192_mix_2192	BGC0002367.0	5	968	False
BGC0002370	9	mibig3	NRPS_2194_mix_2194	BGC0002370.0	6	3312	True
BGC0002370	9	mibig3	NRPS_2194_mix_2194	BGC0002370.1	6	3311	False
BGC0002370	9	mibig3	NRPS_2194_mix_2194	BGC0002370.2	5	3323	True
BGC0002370	9	mibig3	NRPS_2194_mix_2194	BGC0002370.3	6	3321	True
BGC0002373	9	mibig3	NRPS_2196	BGC0002373.0	3	4164	False
BGC0002373	9	mibig3	NRPS_2196	BGC0002373.1	3	4168	False
BGC0002377	8	mibig3	NRPS_2199_mix_2199_Others_2199	BGC0002377.1	6	1661	False
BGC0002377	8	mibig3	NRPS_2199_mix_2199_Others_2199	BGC0002377.2	5	3646	False
BGC0002377	8	mibig3	NRPS_2199_mix_2199_Others_2199	BGC0002377.3	5	3644	False
BGC0002378	6	mibig3	NRPS_2200_mix_2200_Others_2200	BGC0002378.0	7	5494	False
BGC0002378	6	mibig3	NRPS_2200_mix_2200_Others_2200	BGC0002378.1	7	5494	False
BGC0002379	2	mibig3	NRPS_2201_mix_2201	BGC0002379.0	14	359	True
BGC0002384	12	mibig3	NRPS_1557_mix_2206	BGC0002384.0	12	328	False
BGC0002408	4	mibig3	NRPS_2229_mix_2242	BGC0002408.0	5	3951	True
BGC0002409	6	mibig3	NRPS_2230_mix_2230_Others_2230	BGC0002409.0	7	4296	False
BGC0002409	6	mibig3	NRPS_2230_mix_2230_Others_2230	BGC0002409.1	7	4262	False
BGC0002409	6	mibig3	NRPS_2230_mix_2230_Others_2230	BGC0002409.2	7	4265	False
BGC0002409	6	mibig3	NRPS_2230_mix_2230_Others_2230	BGC0002409.3	7	4268	False
BGC0002409	6	mibig3	NRPS_2230_mix_2230_Others_2230	BGC0002409.4	7	4271	False
BGC0002409	6	mibig3	NRPS_2230_mix_2230_Others_2230	BGC0002409.5	7	4272	False
BGC0002409	6	mibig3	NRPS_2230_mix_2230_Others_2230	BGC0002409.6	7	4274	False
BGC0002410	2	mibig3	mix_2231	BGC0002410.0	7	4296	False
BGC0002410	2	mibig3	mix_2231	BGC0002410.1	7	4262	False
BGC0002410	2	mibig3	mix_2231	BGC0002410.2	7	4265	False
BGC0002410	2	mibig3	mix_2231	BGC0002410.3	7	4268	False
BGC0002410	2	mibig3	mix_2231	BGC0002410.4	7	4271	False
BGC0002410	2	mibig3	mix_2231	BGC0002410.5	7	4272	False
BGC0002410	2	mibig3	mix_2231	BGC0002410.6	7	4274	False
BGC0002411	6	mibig3	NRPS_2232_PKS-NRP_Hybrids_2232_PKSother_2232_mix_2232	BGC0002411.0	5	147	False
BGC0002412	1	mibig3	NRPS_2233_mix_2233	BGC0002412.0	0	441	False
BGC0002413	3	mibig3	NRPS_2234_mix_2234	BGC0002413.0	9	1084	True
BGC0002414	3	mibig3	NRPS_2235_mix_2235	BGC0002414.0	9	1476	True
BGC0002414	3	mibig3	NRPS_2235_mix_2235	BGC0002414.1	9	1476	False
BGC0002414	3	mibig3	NRPS_2235_mix_2235	BGC0002414.2	3	1002	False
BGC0002414	3	mibig3	NRPS_2235_mix_2235	BGC0002414.3	6	1060	False
BGC0002415	2	mibig3	NRPS_2236_mix_2236	BGC0002415.0	3	1941	False
BGC0002415	2	mibig3	NRPS_2236_mix_2236	BGC0002415.1	9	1940	True
BGC0002415	2	mibig3	NRPS_2236_mix_2236	BGC0002415.2	6	1943	True
BGC0002416	6	mibig3	NRPS_2237_PKS-NRP_Hybrids_2237_PKSother_2237_mix_2237	BGC0002416.0	6	2335	False
BGC0002416	6	mibig3	NRPS_2237_PKS-NRP_Hybrids_2237_PKSother_2237_mix_2237	BGC0002416.1	6	2335	False
BGC0002417	5	mibig3	NRPS_2241_PKS-NRP_Hybrids_2241_PKSother_2238_mix_2241	BGC0002417.0	6	2476	False
BGC0002417	5	mibig3	NRPS_2241_PKS-NRP_Hybrids_2241_PKSother_2238_mix_2241	BGC0002417.1	6	2476	False
BGC0002418	8	mibig3	NRPS_2239_PKS-NRP_Hybrids_2239_PKSother_2239_mix_2239	BGC0002418.0	7	1556	False
BGC0002419	5	mibig3	NRPS_2240_PKS-NRP_Hybrids_2240_PKSother_2238_mix_2240	BGC0002419.0	5	3252	False
BGC0002419	5	mibig3	NRPS_2240_PKS-NRP_Hybrids_2240_PKSother_2238_mix_2240	BGC0002419.1	5	3251	False
BGC0002420	5	mibig3	NRPS_2241_PKS-NRP_Hybrids_2241_PKSother_2238_mix_2241	BGC0002420.0	5	3252	False
BGC0002420	5	mibig3	NRPS_2241_PKS-NRP_Hybrids_2241_PKSother_2238_mix_2241	BGC0002420.1	5	3251	False
BGC0002422	8	mibig3	NRPS_2243_mix_2243	BGC0002422.0	8	5165	False
BGC0002424	4	mibig3	NRPS_2246_mix_2246	BGC0002424.0	4	210	True
BGC0002424	4	mibig3	NRPS_2246_mix_2246	BGC0002424.1	4	210	True
BGC0002424	4	mibig3	NRPS_2246_mix_2246	BGC0002424.2	4	210	True
BGC0002424	4	mibig3	NRPS_2246_mix_2246	BGC0002424.3	4	210	True
BGC0002424	4	mibig3	NRPS_2246_mix_2246	BGC0002424.4	4	210	True
BGC0002424	4	mibig3	NRPS_2246_mix_2246	BGC0002424.5	4	210	True
BGC0002424	4	mibig3	NRPS_2246_mix_2246	BGC0002424.6	4	210	False
BGC0002424	4	mibig3	NRPS_2246_mix_2246	BGC0002424.7	4	210	True
BGC0002430	15	mibig3	NRPS_2252_mix_2252_Others_2252	BGC0002430.0	12	3801	False
BGC0002430	15	mibig3	NRPS_2252_mix_2252_Others_2252	BGC0002430.1	13	3802	False
BGC0002432	13	mibig3	NRPS_2254_mix_2254	BGC0002432.0	13	4431	True
BGC0002433	13	mibig3	NRPS_2255_mix_2255	BGC0002433.0	11	3071	False
BGC0002434	1	mibig3	NRPS_2256_PKS-NRP_Hybrids_2256_PKSother_2256_mix_2256	BGC0002434.0	0	159	False
BGC0002434	1	mibig3	NRPS_2256_PKS-NRP_Hybrids_2256_PKSother_2256_mix_2256	BGC0002434.1	1	4927	False
BGC0002434	1	mibig3	NRPS_2256_PKS-NRP_Hybrids_2256_PKSother_2256_mix_2256	BGC0002434.2	0	159	False
BGC0002434	1	mibig3	NRPS_2256_PKS-NRP_Hybrids_2256_PKSother_2256_mix_2256	BGC0002434.3	0	159	False
BGC0002434	1	mibig3	NRPS_2256_PKS-NRP_Hybrids_2256_PKSother_2256_mix_2256	BGC0002434.4	0	159	False
BGC0002434	1	mibig3	NRPS_2256_PKS-NRP_Hybrids_2256_PKSother_2256_mix_2256	BGC0002434.5	0	159	False
BGC0002434	1	mibig3	NRPS_2256_PKS-NRP_Hybrids_2256_PKSother_2256_mix_2256	BGC0002434.6	0	159	False
BGC0002440	6	mibig3	NRPS_2262_mix_2262_Others_2262	BGC0002440.0	5	2821	False
BGC0002440	6	mibig3	NRPS_2262_mix_2262_Others_2262	BGC0002440.1	4	2822	False
BGC0002440	6	mibig3	NRPS_2262_mix_2262_Others_2262	BGC0002440.2	4	2822	False
BGC0002440	6	mibig3	NRPS_2262_mix_2262_Others_2262	BGC0002440.3	5	2821	False
BGC0002448	6	mibig3	NRPS_2270_mix_2270	BGC0002448.0	6	3028	False
BGC0002456	1	mibig3	NRPS_2279_PKS-NRP_Hybrids_2279_PKSother_2279_mix_2279	BGC0002456.0	0	159	False
BGC0002456	1	mibig3	NRPS_2279_PKS-NRP_Hybrids_2279_PKSother_2279_mix_2279	BGC0002456.1	0	159	False
BGC0002465	4	mibig3	NRPS_2286_mix_2286	BGC0002465.0	4	1408	False
BGC0002465	4	mibig3	NRPS_2286_mix_2286	BGC0002465.1	4	1408	False
BGC0002465	4	mibig3	NRPS_2286_mix_2286	BGC0002465.2	4	1408	False
BGC0002466	4	mibig3	NRPS_2288_mix_2288	BGC0002466.0	4	2855	True
BGC0002468	1	mibig3	None	BGC0002468.0	2	3387	False
BGC0002472	4	mibig3	mix_2294	BGC0002472.0	3	3060	False
BGC0002472	4	mibig3	mix_2294	BGC0002472.1	3	3060	False
BGC0002475	3	mibig3	mix_2297	BGC0002475.0	3	1254	False
BGC0002484	21	mibig3	NRPS_2305_mix_2305	BGC0002484.0	10	5373	True
BGC0002484	21	mibig3	NRPS_2305_mix_2305	BGC0002484.1	11	336	True
BGC0002484	21	mibig3	NRPS_2305_mix_2305	BGC0002484.2	11	5371	True
BGC0002484	21	mibig3	NRPS_2305_mix_2305	BGC0002484.3	11	2968	True
BGC0002484	21	mibig3	NRPS_2305_mix_2305	BGC0002484.4	10	5372	False
BGC0002484	21	mibig3	NRPS_2305_mix_2305	BGC0002484.5	11	386	True
BGC0002491	2	mibig3	NRPS_2312_mix_2312	BGC0002491.0	2	446	False
BGC0002491	2	mibig3	NRPS_2312_mix_2312	BGC0002491.1	2	446	False
BGC0002491	2	mibig3	NRPS_2312_mix_2312	BGC0002491.2	1	3697	False
BGC0002492	2	mibig3	NRPS_2313_mix_2313	BGC0002492.0	2	446	False
BGC0002492	2	mibig3	NRPS_2313_mix_2313	BGC0002492.1	2	446	False
BGC0002495	2	mibig3	mix_2316	BGC0002495.0	4	1529	False
BGC0002503	10	mibig3	NRPS_2324_mix_2324	BGC0002503.0	9	4414	False
BGC0002503	10	mibig3	NRPS_2324_mix_2324	BGC0002503.1	10	4415	False
BGC0002503	10	mibig3	NRPS_2324_mix_2324	BGC0002503.2	9	4412	False
BGC0002503	10	mibig3	NRPS_2324_mix_2324	BGC0002503.3	7	4413	True
BGC0002503	10	mibig3	NRPS_2324_mix_2324	BGC0002503.4	10	4410	True
BGC0002503	10	mibig3	NRPS_2324_mix_2324	BGC0002503.5	8	4411	False
BGC0002503	10	mibig3	NRPS_2324_mix_2324	BGC0002503.6	12	4409	False
BGC0002505	1	mibig3	NRPS_2326_PKS-NRP_Hybrids_2326_PKSother_2078_mix_2078	BGC0002505.0	0	159	False
BGC0002509	1	mibig3	NRPS_2190_PKS-NRP_Hybrids_2190_PKSother_2330_mix_2190	BGC0002509.0	0	159	False
BGC0002509	1	mibig3	NRPS_2190_PKS-NRP_Hybrids_2190_PKSother_2330_mix_2190	BGC0002509.1	0	159	False
BGC0002509	1	mibig3	NRPS_2190_PKS-NRP_Hybrids_2190_PKSother_2330_mix_2190	BGC0002509.2	0	159	False
BGC0002509	1	mibig3	NRPS_2190_PKS-NRP_Hybrids_2190_PKSother_2330_mix_2190	BGC0002509.3	0	159	False
BGC0002509	1	mibig3	NRPS_2190_PKS-NRP_Hybrids_2190_PKSother_2330_mix_2190	BGC0002509.4	0	159	False
BGC0002512	6	mibig3	NRPS_2332_mix_2332	BGC0002512.0	6	2941	True
BGC0002512	6	mibig3	NRPS_2332_mix_2332	BGC0002512.1	6	2940	False
BGC0002512	6	mibig3	NRPS_2332_mix_2332	BGC0002512.2	6	779	False
BGC0002518	3	mibig3	NRPS_2336_mix_2336	BGC0002518.0	8	4860	False
BGC0002518	3	mibig3	NRPS_2336_mix_2336	BGC0002518.1	8	4859	False
BGC0002521	12	mibig3	NRPS_2338_mix_2338	BGC0002521.0	12	1560	True
BGC0002521	12	mibig3	NRPS_2338_mix_2338	BGC0002521.2	12	1558	True
BGC0002522	9	mibig3	NRPS_2339_mix_2364	BGC0002522.0	9	2054	False
BGC0002522	9	mibig3	NRPS_2339_mix_2364	BGC0002522.1	9	2054	True
BGC0002528	2	mibig3	NRPS_2345_mix_2345	BGC0002528.0	2	3902	False
BGC0002528	2	mibig3	NRPS_2345_mix_2345	BGC0002528.1	3	3901	False
BGC0002528	2	mibig3	NRPS_2345_mix_2345	BGC0002528.2	5	3900	False
BGC0002529	2	mibig3	None	BGC0002529.0	2	3902	False
BGC0002529	2	mibig3	None	BGC0002529.1	3	3901	False
BGC0002529	2	mibig3	None	BGC0002529.2	5	3900	False
BGC0002532	6	mibig3	NRPS_2349_PKS-NRP_Hybrids_2349_PKSother_2349_mix_2349	BGC0002532.0	4	928	True
BGC0002533	3	mibig3	PKSother_2419_mix_2419	BGC0002533.0	4	1246	False
BGC0002542	1	mibig3	NRPS_2358_PKS-NRP_Hybrids_2358_PKSother_2358_mix_2358	BGC0002542.0	4	271	False
BGC0002543	7	mibig3	None	BGC0002543.0	3	1024	False
BGC0002544	7	mibig3	NRPS_2360_mix_2360	BGC0002544.0	7	303	False
BGC0002544	7	mibig3	NRPS_2360_mix_2360	BGC0002544.1	7	306	False
BGC0002546	1	mibig3	NRPS_2362_PKS-NRP_Hybrids_2362_PKSother_2362_mix_2362	BGC0002546.0	0	159	False
BGC0002548	8	mibig3	NRPS_2364_mix_2364	BGC0002548.0	8	37	True
BGC0002548	8	mibig3	NRPS_2364_mix_2364	BGC0002548.1	8	37	True
BGC0002548	8	mibig3	NRPS_2364_mix_2364	BGC0002548.2	8	62	True
BGC0002548	8	mibig3	NRPS_2364_mix_2364	BGC0002548.3	8	37	True
BGC0002555	15	mibig3	None	BGC0002555.0	15	5256	False
BGC0002555	15	mibig3	None	BGC0002555.1	15	5263	False
BGC0002555	15	mibig3	None	BGC0002555.2	15	5260	False
BGC0002555	15	mibig3	None	BGC0002555.3	15	5268	False
BGC0002555	15	mibig3	None	BGC0002555.4	15	5266	False
BGC0002555	15	mibig3	None	BGC0002555.5	15	5269	False
BGC0002563	7	mibig3	NRPS_1860_mix_1860	BGC0002563.0	6	3735	False
BGC0002564	7	mibig3	NRPS_2378_mix_2378	BGC0002564.0	7	4066	True
BGC0002564	7	mibig3	NRPS_2378_mix_2378	BGC0002564.1	7	4066	True
BGC0002564	7	mibig3	NRPS_2378_mix_2378	BGC0002564.2	7	4052	False
BGC0002564	7	mibig3	NRPS_2378_mix_2378	BGC0002564.3	7	4052	False
BGC0002564	7	mibig3	NRPS_2378_mix_2378	BGC0002564.4	7	4052	True
BGC0002564	7	mibig3	NRPS_2378_mix_2378	BGC0002564.5	7	4037	False
BGC0002564	7	mibig3	NRPS_2378_mix_2378	BGC0002564.6	7	4037	True
BGC0002564	7	mibig3	NRPS_2378_mix_2378	BGC0002564.7	7	4037	True
BGC0002565	8	mibig3	NRPS_2379_mix_2379	BGC0002565.0	8	4036	False
BGC0002569	4	mibig3	NRPS_1611_mix_1611	BGC0002569.0	5	1777	False
BGC0002569	4	mibig3	NRPS_1611_mix_1611	BGC0002569.1	5	1777	False
BGC0002569	4	mibig3	NRPS_1611_mix_1611	BGC0002569.2	5	1777	True
BGC0002570	2	mibig3	PKSother_2384_mix_2384	BGC0002570.0	4	1246	False
BGC0002572	21	mibig3	NRPS_2305_mix_2305	BGC0002572.0	10	2435	True
BGC0002572	21	mibig3	NRPS_2305_mix_2305	BGC0002572.1	10	2436	True
BGC0002572	21	mibig3	NRPS_2305_mix_2305	BGC0002572.2	10	2440	True
BGC0002572	21	mibig3	NRPS_2305_mix_2305	BGC0002572.3	9	2441	False
BGC0002572	21	mibig3	NRPS_2305_mix_2305	BGC0002572.4	10	2439	False
BGC0002572	21	mibig3	NRPS_2305_mix_2305	BGC0002572.5	10	2439	False
BGC0002572	21	mibig3	NRPS_2305_mix_2305	BGC0002572.6	9	2441	False
BGC0002572	21	mibig3	NRPS_2305_mix_2305	BGC0002572.7	10	2445	False
BGC0002581	9	mibig3	NRPS_2185_mix_2185	BGC0002581.0	6	1118	False
BGC0002581	9	mibig3	NRPS_2185_mix_2185	BGC0002581.1	6	1122	True
BGC0002581	9	mibig3	NRPS_2185_mix_2185	BGC0002581.2	7	1112	True
BGC0002581	9	mibig3	NRPS_2185_mix_2185	BGC0002581.3	7	1114	True
BGC0002581	9	mibig3	NRPS_2185_mix_2185	BGC0002581.4	6	1127	True
BGC0002581	9	mibig3	NRPS_2185_mix_2185	BGC0002581.5	6	1129	True
BGC0002605	2	mibig3	PKS-NRP_Hybrids_2407_PKSother_979_mix_2407	BGC0002605.0	1	1470	False
BGC0002606	2	mibig3	PKS-NRP_Hybrids_2412_PKSother_979_mix_2412	BGC0002606.0	1	1470	False
BGC0002607	2	mibig3	PKS-NRP_Hybrids_2407_PKSother_979_mix_2407	BGC0002607.0	1	1470	False
BGC0002611	7	mibig3	None	BGC0002611.0	3	1807	False
BGC0002613	3	mibig3	PKSother_2419_mix_2419	BGC0002613.0	4	1246	False
BGC0002617	3	mibig3	mix_2423	BGC0002617.0	1	826	False
BGC0002617	3	mibig3	mix_2423	BGC0002617.1	1	824	False
BGC0002617	3	mibig3	mix_2423	BGC0002617.2	2	1088	False
BGC0002617	3	mibig3	mix_2423	BGC0002617.3	1	1087	False
BGC0002617	3	mibig3	mix_2423	BGC0002617.4	2	1088	False
BGC0002617	3	mibig3	mix_2423	BGC0002617.5	2	1089	False
BGC0002617	3	mibig3	mix_2423	BGC0002617.6	1	1085	False
BGC0002617	3	mibig3	mix_2423	BGC0002617.7	1	1081	False
BGC0002617	3	mibig3	mix_2423	BGC0002617.8	2	1086	False
BGC0002623	4	mibig3	NRPS_2429_PKS-NRP_Hybrids_2429_PKSother_2429_mix_2429	BGC0002623.0	4	3400	False
BGC0002623	4	mibig3	NRPS_2429_PKS-NRP_Hybrids_2429_PKSother_2429_mix_2429	BGC0002623.1	4	3400	False
BGC0002623	4	mibig3	NRPS_2429_PKS-NRP_Hybrids_2429_PKSother_2429_mix_2429	BGC0002623.10	3	3401	False
BGC0002623	4	mibig3	NRPS_2429_PKS-NRP_Hybrids_2429_PKSother_2429_mix_2429	BGC0002623.11	4	3400	False
BGC0002623	4	mibig3	NRPS_2429_PKS-NRP_Hybrids_2429_PKSother_2429_mix_2429	BGC0002623.2	4	4159	False
BGC0002623	4	mibig3	NRPS_2429_PKS-NRP_Hybrids_2429_PKSother_2429_mix_2429	BGC0002623.3	4	4159	False
BGC0002623	4	mibig3	NRPS_2429_PKS-NRP_Hybrids_2429_PKSother_2429_mix_2429	BGC0002623.4	4	4159	False
BGC0002623	4	mibig3	NRPS_2429_PKS-NRP_Hybrids_2429_PKSother_2429_mix_2429	BGC0002623.5	4	4162	False
BGC0002623	4	mibig3	NRPS_2429_PKS-NRP_Hybrids_2429_PKSother_2429_mix_2429	BGC0002623.6	4	4162	False
BGC0002623	4	mibig3	NRPS_2429_PKS-NRP_Hybrids_2429_PKSother_2429_mix_2429	BGC0002623.7	4	4162	False
BGC0002623	4	mibig3	NRPS_2429_PKS-NRP_Hybrids_2429_PKSother_2429_mix_2429	BGC0002623.8	3	3401	False
BGC0002623	4	mibig3	NRPS_2429_PKS-NRP_Hybrids_2429_PKSother_2429_mix_2429	BGC0002623.9	3	3401	False
BGC0002625	10	mibig3	NRPS_2432_PKS-NRP_Hybrids_2432_PKSother_2432_mix_2432	BGC0002625.0	11	4897	False
BGC0002625	10	mibig3	NRPS_2432_PKS-NRP_Hybrids_2432_PKSother_2432_mix_2432	BGC0002625.1	10	4896	False
BGC0002625	10	mibig3	NRPS_2432_PKS-NRP_Hybrids_2432_PKSother_2432_mix_2432	BGC0002625.2	10	4895	False
BGC0002632	3	mibig3	NRPS_2439_mix_2439	BGC0002632.0	3	2915	False
BGC0002632	3	mibig3	NRPS_2439_mix_2439	BGC0002632.1	3	2915	False
BGC0002649	1	mibig3	NRPS_2456_PKS-NRP_Hybrids_2456_PKSother_2456_mix_2456	BGC0002649.0	0	1082	False
BGC0002653	10	mibig3	NRPS_2460_mix_2460	BGC0002653.0	10	1286	False
BGC0002654	11	mibig3	NRPS_2461_mix_2461	BGC0002654.0	9	1637	False
BGC0002660	5	mibig3	NRPS_2466_mix_2466	BGC0002660.0	4	4691	False
BGC0002660	5	mibig3	NRPS_2466_mix_2466	BGC0002660.1	5	4690	False
BGC0002661	5	mibig3	NRPS_2468_mix_2468	BGC0002661.0	4	4912	False
BGC0002661	5	mibig3	NRPS_2468_mix_2468	BGC0002661.1	4	4912	False
BGC0002661	5	mibig3	NRPS_2468_mix_2468	BGC0002661.2	4	4912	False
BGC0002666	2	mibig3	NRPS_2473_Terpene_2473_mix_2473_Others_2473	BGC0002666.0	0	155	False
BGC0002666	2	mibig3	NRPS_2473_Terpene_2473_mix_2473_Others_2473	BGC0002666.1	0	155	False
BGC0002666	2	mibig3	NRPS_2473_Terpene_2473_mix_2473_Others_2473	BGC0002666.2	0	155	False
BGC0002666	2	mibig3	NRPS_2473_Terpene_2473_mix_2473_Others_2473	BGC0002666.3	0	155	False
BGC0002687	1	mibig3	NRPS_2494_PKS-NRP_Hybrids_2494_PKSother_2494_mix_2494	BGC0002687.0	2	4984	False
BGC0002693	9	mibig3	NRPS_2501_mix_2501	BGC0002693.0	11	1740	False
BGC0002735	7	mibig3	NRPS_2537_PKS-NRP_Hybrids_2537_PKSother_2537_mix_2537	BGC0002735.0	4	5271	False
BGC0002735	7	mibig3	NRPS_2537_PKS-NRP_Hybrids_2537_PKSother_2537_mix_2537	BGC0002735.1	5	5478	False
BGC0002752	8	mibig4	None	BGC0002752.0	8	3182	False
BGC0002754	4	mibig4	None	BGC0002754.0	1	3586	False
BGC0002755	8	mibig4	None	BGC0002755.0	8	3903	False
BGC0002760	14	mibig4	None	BGC0002760.0	11	1177	False
BGC0002765	8	mibig4	None	BGC0002765.0	9	2898	False
BGC0002765	8	mibig4	None	BGC0002765.1	9	2898	False
BGC0002765	8	mibig4	None	BGC0002765.2	8	2899	False
BGC0002775	9	mibig4	None	BGC0002775.0	9	1328	False
BGC0002779	10	mibig4	None	BGC0002779.0	10	227	False
BGC0002779	10	mibig4	None	BGC0002779.1	10	230	False
BGC0002806	2	mibig4	None	BGC0002806.0	0	155	False
BGC0002806	2	mibig4	None	BGC0002806.1	0	155	False
BGC0002806	2	mibig4	None	BGC0002806.2	0	155	False
BGC0002806	2	mibig4	None	BGC0002806.3	0	155	False
BGC0002806	2	mibig4	None	BGC0002806.4	0	155	False
BGC0002810	6	mibig4	None	BGC0002810.0	5	1412	False
BGC0002810	6	mibig4	None	BGC0002810.1	5	1412	False
BGC0002813	2	mibig4	None	BGC0002813.0	0	3759	False
BGC0002813	2	mibig4	None	BGC0002813.1	0	3759	False
BGC0002813	2	mibig4	None	BGC0002813.2	1	3762	False
BGC0002813	2	mibig4	None	BGC0002813.3	1	3762	False
BGC0002813	2	mibig4	None	BGC0002813.4	1	3762	False
BGC0002813	2	mibig4	None	BGC0002813.5	1	3762	False
BGC0002814	2	mibig4	None	BGC0002814.0	0	3141	False
BGC0002815	9	mibig4	None	BGC0002815.0	9	4441	False
BGC0002815	9	mibig4	None	BGC0002815.1	9	4440	False
BGC0002815	9	mibig4	None	BGC0002815.2	9	4449	False
BGC0002850	10	mibig4	None	BGC0002850.0	10	4466	False
BGC0002850	10	mibig4	None	BGC0002850.1	10	1475	False
BGC0002852	1	mibig4	None	BGC0002852.0	0	159	False
BGC0002852	1	mibig4	None	BGC0002852.1	0	159	False
BGC0002868	10	mibig4	None	BGC0002868.0	10	4466	False
BGC0002871	5	mibig4	None	BGC0002871.0	6	2848	False
BGC0002871	5	mibig4	None	BGC0002871.1	6	2848	False
BGC0002871	5	mibig4	None	BGC0002871.2	6	2849	False
BGC0002871	5	mibig4	None	BGC0002871.3	6	2850	False
BGC0002871	5	mibig4	None	BGC0002871.4	4	2844	False
BGC0002879	10	mibig4	None	BGC0002879.0	9	5131	False
BGC0002880	2	mibig4	None	BGC0002880.0	3	1202	False
BGC0002880	2	mibig4	None	BGC0002880.1	0	1204	False
BGC0002881	5	mibig4	None	BGC0002881.0	4	1272	False
BGC0002881	5	mibig4	None	BGC0002881.1	4	1272	False
BGC0002884	3	mibig4	None	BGC0002884.0	0	159	False
BGC0002886	6	mibig4	None	BGC0002886.0	5	2042	False
BGC0002890	8	mibig4	None	BGC0002890.0	8	2478	False
BGC0002912	4	mibig4	None	BGC0002912.0	4	2699	False
BGC0002912	4	mibig4	None	BGC0002912.1	4	2701	False
BGC0002912	4	mibig4	None	BGC0002912.2	4	2699	False
BGC0002912	4	mibig4	None	BGC0002912.4	4	2702	False
BGC0002913	1	mibig4	None	BGC0002913.0	0	159	False
BGC0002913	1	mibig4	None	BGC0002913.1	0	159	False
BGC0002913	1	mibig4	None	BGC0002913.2	0	159	False
BGC0002913	1	mibig4	None	BGC0002913.3	0	159	False
BGC0002913	1	mibig4	None	BGC0002913.4	0	159	False
BGC0002913	1	mibig4	None	BGC0002913.5	0	159	False
BGC0002913	1	mibig4	None	BGC0002913.6	0	159	False
BGC0002914	7	mibig4	None	BGC0002914.0	9	3	False
BGC0002914	7	mibig4	None	BGC0002914.1	8	3	False
BGC0002915	6	mibig4	None	BGC0002915.0	5	980	False
BGC0002918	11	mibig4	None	BGC0002918.0	11	2082	False
BGC0002919	9	mibig4	None	BGC0002919.0	4	244	False
BGC0002919	9	mibig4	None	BGC0002919.1	4	1256	False
BGC0002931	8	mibig4	None	BGC0002931.0	4	978	False
BGC0002939	6	mibig4	None	BGC0002939.0	5	5532	False
BGC0002940	1	mibig4	None	BGC0002940.0	2	590	False
BGC0002940	1	mibig4	None	BGC0002940.1	2	590	False
BGC0002940	1	mibig4	None	BGC0002940.2	2	590	False
BGC0002940	1	mibig4	None	BGC0002940.3	2	590	False
BGC0002940	1	mibig4	None	BGC0002940.4	2	590	False
BGC0002940	1	mibig4	None	BGC0002940.5	2	590	False
BGC0002940	1	mibig4	None	BGC0002940.6	2	590	False
BGC0002940	1	mibig4	None	BGC0002940.7	2	590	False
BGC0002940	1	mibig4	None	BGC0002940.8	2	590	False
BGC0002940	1	mibig4	None	BGC0002940.9	2	590	False
BGC0002944	3	mibig4	None	BGC0002944.0	2	3297	False
BGC0002944	3	mibig4	None	BGC0002944.1	2	3297	False
BGC0002949	6	mibig4	None	BGC0002949.0	5	529	False
BGC0002949	6	mibig4	None	BGC0002949.1	5	529	False
BGC0002949	6	mibig4	None	BGC0002949.2	5	4673	False
BGC0002950	5	mibig4	None	BGC0002950.0	3	429	False
BGC0002950	5	mibig4	None	BGC0002950.1	4	427	False
BGC0002950	5	mibig4	None	BGC0002950.2	3	417	False
BGC0002955	5	mibig4	None	BGC0002955.0	4	2596	False
BGC0002957	10	mibig4	None	BGC0002957.0	8	202	False
BGC0002957	10	mibig4	None	BGC0002957.1	9	296	False
BGC0002957	10	mibig4	None	BGC0002957.2	9	3136	False
BGC0002957	10	mibig4	None	BGC0002957.3	8	3281	False
BGC0002962	2	mibig4	None	BGC0002962.0	2	5618	False
BGC0002974	3	mibig4	None	BGC0002974.0	2	1504	False
BGC0002977	3	mibig4	None	BGC0002977.0	1	1104	False
BGC0002977	3	mibig4	None	BGC0002977.1	0	155	False
BGC0002977	3	mibig4	None	BGC0002977.2	1	1107	False
BGC0002977	3	mibig4	None	BGC0002977.3	1	1105	False
BGC0002977	3	mibig4	None	BGC0002977.4	1	1105	False
BGC0002978	10	mibig4	None	BGC0002978.0	10	1475	False
BGC0002989	4	mibig4	None	BGC0002989.0	5	529	False
BGC0002993	1	mibig4	None	BGC0002993.0	0	159	False
BGC0002993	1	mibig4	None	BGC0002993.1	0	159	False
BGC0002994	13	mibig4	None	BGC0002994.0	14	3771	False
BGC0002995	5	mibig4	None	BGC0002995.0	4	3966	False
BGC0002995	5	mibig4	None	BGC0002995.1	4	3963	False
BGC0002996	2	mibig4	None	BGC0002996.0	0	190	False
BGC0002996	2	mibig4	None	BGC0002996.1	0	190	False
BGC0002996	2	mibig4	None	BGC0002996.2	0	2250	False
BGC0003005	4	mibig4	None	BGC0003005.0	4	2699	False
BGC0003005	4	mibig4	None	BGC0003005.1	4	2702	False
BGC0003005	4	mibig4	None	BGC0003005.2	4	2701	False
BGC0003005	4	mibig4	None	BGC0003005.3	4	2699	False
BGC0003007	7	mibig4	None	BGC0003007.0	7	654	False
BGC0003010	8	mibig4	None	BGC0003010.0	5	4964	False
BGC0003010	8	mibig4	None	BGC0003010.1	5	3627	False
BGC0003010	8	mibig4	None	BGC0003010.2	6	4967	False
BGC0003010	8	mibig4	None	BGC0003010.3	6	4966	False
BGC0003010	8	mibig4	None	BGC0003010.4	7	4962	False
BGC0003017	1	mibig4	None	BGC0003017.0	0	159	False
BGC0003017	1	mibig4	None	BGC0003017.1	0	159	False
BGC0003017	1	mibig4	None	BGC0003017.2	0	159	False
BGC0003017	1	mibig4	None	BGC0003017.3	0	159	False
BGC0003023	13	mibig4	None	BGC0003023.0	13	4934	False
BGC0003023	13	mibig4	None	BGC0003023.1	13	4935	False
BGC0003023	13	mibig4	None	BGC0003023.10	13	4452	False
BGC0003023	13	mibig4	None	BGC0003023.11	13	4453	False
BGC0003023	13	mibig4	None	BGC0003023.2	13	4931	False
BGC0003023	13	mibig4	None	BGC0003023.3	13	4932	False
BGC0003023	13	mibig4	None	BGC0003023.4	13	4930	False
BGC0003023	13	mibig4	None	BGC0003023.5	13	4929	False
BGC0003023	13	mibig4	None	BGC0003023.6	13	4929	False
BGC0003023	13	mibig4	None	BGC0003023.7	13	4452	False
BGC0003023	13	mibig4	None	BGC0003023.8	13	4453	False
BGC0003023	13	mibig4	None	BGC0003023.9	13	4929	False
BGC0003025	8	mibig4	None	BGC0003025.0	6	5449	False
BGC0003028	1	mibig4	None	BGC0003028.0	0	159	False
BGC0003040	2	mibig4	None	BGC0003040.0	0	2473	False
BGC0003040	2	mibig4	None	BGC0003040.1	1	2474	False
BGC0003040	2	mibig4	None	BGC0003040.2	0	2473	False
BGC0003040	2	mibig4	None	BGC0003040.3	1	2479	False
BGC0003042	4	mibig4	None	BGC0003042.0	0	1131	False
BGC0003044	2	mibig4	None	BGC0003044.0	1	3414	False
BGC0003044	2	mibig4	None	BGC0003044.1	1	3415	False
BGC0003044	2	mibig4	None	BGC0003044.2	1	3415	False
BGC0003044	2	mibig4	None	BGC0003044.3	1	3414	False
BGC0003047	2	mibig4	None	BGC0003047.0	6	393	False
BGC0003048	7	mibig4	None	BGC0003048.0	8	4672	False
BGC0003048	7	mibig4	None	BGC0003048.1	8	4671	False
BGC0003051	7	mibig4	None	BGC0003051.0	6	1899	False
BGC0003051	7	mibig4	None	BGC0003051.1	6	1897	False
BGC0003051	7	mibig4	None	BGC0003051.2	6	1896	False
BGC0003053	5	mibig4	None	BGC0003053.0	5	642	False
BGC0003053	5	mibig4	None	BGC0003053.1	5	2494	False
BGC0003053	5	mibig4	None	BGC0003053.2	5	2492	False
BGC0003058	5	mibig4	None	BGC0003058.0	5	3391	False
BGC0003058	5	mibig4	None	BGC0003058.1	5	1885	False
BGC0003058	5	mibig4	None	BGC0003058.2	5	3206	False
BGC0003058	5	mibig4	None	BGC0003058.3	5	3755	False
BGC0003058	5	mibig4	None	BGC0003058.4	5	3754	False
BGC0003058	5	mibig4	None	BGC0003058.5	5	1460	False
BGC0003069	7	mibig4	None	BGC0003069.0	7	3119	False
BGC0003069	7	mibig4	None	BGC0003069.1	6	3120	False
BGC0003069	7	mibig4	None	BGC0003069.2	7	3121	False
BGC0003069	7	mibig4	None	BGC0003069.3	6	3122	False
BGC0003072	5	mibig4	None	BGC0003072.0	6	5431	False
BGC0003076	1	mibig4	None	BGC0003076.0	0	159	False
BGC0003130	2	mibig4	None	BGC0003130.0	6	3041	False
BGC0003135	1	mibig4	None	BGC0003135.0	1	1186	False
BGC0003141	3	mibig4	None	BGC0003141.0	3	4484	False
BGC0003145	1	mibig4	None	BGC0003145.0	0	159	False
BGC0003145	1	mibig4	None	BGC0003145.1	0	159	False
BGC0003145	1	mibig4	None	BGC0003145.2	0	159	False
BGC0003154	1	mibig4	None	BGC0003154.0	0	159	False
BGC0003161	5	mibig4	None	BGC0003161.0	0	159	False
BGC0003161	5	mibig4	None	BGC0003161.1	0	159	False
BGC0003161	5	mibig4	None	BGC0003161.2	2	1022	False
BGC0003161	5	mibig4	None	BGC0003161.3	0	159	False
BGC0003161	5	mibig4	None	BGC0003161.4	1	2120	False
BGC0003161	5	mibig4	None	BGC0003161.5	1	2120	False
BGC0003162	1	mibig4	None	BGC0003162.0	1	2120	False
BGC0003168	8	mibig4	None	BGC0003168.0	6	4699	False
BGC0003169	10	mibig4	None	BGC0003169.0	10	1480	False
BGC0003169	10	mibig4	None	BGC0003169.1	10	881	False
BGC0003170	10	mibig4	None	BGC0003170.0	10	1480	False
BGC0003170	10	mibig4	None	BGC0003170.1	10	1480	False
